starter_idx,starter_smiles,status,num_molecules,num_targets,time_seconds,error
0,O=c1[nH]cnc2c1ncn2[C@@H]1O[C@H](CO)[C@@H](O)[C@H]1O,success,300,281,245.61,
1,O=c1[nH]cnc2c1ncn2[C@@H]1O[C@H](CO)[C@@H](O)[C@H]1O,success,300,281,244.94,
2,CC(=O)Nc1ccc(C(=O)O)cc1.CC(=O)Nc1ccc(C(=O)O)cc1.CC(=O)Nc1ccc(C(=O)O)cc1.CC(O)CN(C)C.CC(O)CN(C)C.CC(O)CN(C)C.O=c1[nH]cnc2c1ncn2[C@@H]1O[C@H](CO)[C@@H](O)[C@H]1O,success,42,26,85.97,
3,O=c1[nH]cnc2c1ncn2C1OC(CO)C(O)C1O,success,302,283,254.73,
4,O=c1[nH]cnc2c1ncn2C1O[C@H](CO)[C@@H](O)[C@@H]1O,success,300,281,322.49,
5,O=c1[nH]cnc2c1ncn2[C@@H]1O[C@H](CO)[C@@H](O)[C@@H]1O,success,300,281,254.6,
6,Cn1c[n+](C2O[C@H](CO)[C@@H](O)[C@H]2O)c2nc[nH]c(=O)c21,success,352,333,389.78,
7,O=c1[nH]cnc2c1ncn2C1O[C@H](CO)[C@@H](O)[C@H]1O,success,300,281,326.69,
8,O=c1[nH]cnc2c1ncn2[C@@H]1O[C@H](CO)[C@H](O)C1O,success,301,282,269.41,
9,Cn1c[n+]([C@@H]2O[C@H](CO)[C@@H](O)[C@H]2O)c2nc[nH]c(=O)c21,success,351,332,293.5,
10,[3H]C(O)[C@H]1O[C@@H](n2cnc3c(=O)[nH]cnc32)[C@H](O)[C@@H]1O,success,271,252,237.28,
11,O=c1[nH]cnc2c1ncn2[C@H]1O[C@H](CO)[C@@H](O)[C@@H]1O,success,300,281,266.85,
12,CC(=O)Nc1ccc(C(=O)O)cc1.CC(O)CN(C)C.Cc1cn([C@H]2C[C@H](N=[N+]=[N-])[C@@H](CO)O2)c(=O)[nH]c1=O.O=c1[nH]cnc2c1ncn2[C@@H]1O[C@H](CO)[C@@H](O)[C@H]1O,success,42,26,73.98,
13,NC(CSSC[C@H](N)C(=O)O)C(=O)O.O=c1[nH]cnc2c1ncn2[C@@H]1O[C@H](CO)[C@@H](O)[C@H]1O,success,42,26,75.21,
14,Nc1ncnc2c1ncn2[C@@H]1O[C@H](COP(=O)(O)OP(=O)(O)O)[C@@H]([O-])[C@H]1O.O=c1[nH]cnc2c1ncn2[C@@H]1O[C@H](CO)[C@@H](O)[C@H]1O.O=c1[nH]cnc2c1ncn2[C@@H]1O[C@H](COP(=O)(O)OP(=O)(O)OP(=O)(O)O)[C@@H](O)[C@H]1O.O=c1ccn([C@@H]2O[C@H](COP(=O)(O)OP(=O)(O)OP(=O)(O)O)[C@@H](O)[C@H]2O)c(=O)[nH]1.[Na+],success,42,26,124.09,
15,NC(=O)c1nc(F)c[nH]c1=O.O=c1[nH]cnc2c1ncn2[C@@H]1O[C@H](CO)[C@@H](O)[C@H]1O,success,42,26,36.84,
16,NC(=O)c1ncn([C@@H]2O[C@H](CO)[C@@H](O)[C@H]2O)n1.O=c1[nH]cnc2c1ncn2[C@@H]1O[C@H](CO)[C@@H](O)[C@H]1O,success,42,26,39.49,
17,O=c1[nH]cnc2c1ncn2[C@H]1O[C@@H](CO)[C@H](O)[C@@H]1O,success,300,281,244.08,
18,O=P(O)(O)O.O=c1[nH]cnc2c1ncn2[C@@H]1O[C@H](CO)[C@@H](O)[C@H]1O,success,59,43,54.88,
19,CC(=O)Nc1ccc(C(=O)O)cc1.CC(O)CN(C)C.O=c1[nH]cnc2c1ncn2[C@@H]1O[C@H](CO)[C@@H](O)[C@H]1O,success,42,26,60.99,
20,O=c1[nH]cnc2c1ncn2[C@@H]1O[C@H](CO)C(O)C1O,success,302,283,247.83,
21,O.O.O=c1[nH]cnc2c1ncn2[C@@H]1O[C@H](CO)[C@@H](O)[C@H]1O,success,42,26,26.52,
22,O=c1[nH]cnc2c1ncn2[C@H]1O[C@H](CO)[C@@H](O)[C@H]1O,success,300,281,245.78,
23,O=c1[nH]cnc2c1n(-c1cccc(F)c1)c[n+]2[C@@H]1O[C@H](CO)[C@@H](O)[C@H]1O,success,96,80,53.92,
24,CC(=O)O[C@@H]1[C@@H]2O[Si](C(C)(C)C)(C(C)(C)C)OC[C@H]2O[C@H]1n1cnc2c(=O)[nH]cnc21.CC(=O)O[C@@H]1[C@@H]2O[Si](C(C)(C)C)(C(C)(C)C)OC[C@H]2O[C@H]1n1cnc2c(OCC[Si](C)(C)C)ncnc21.CC(=O)O[C@@H]1[C@@H]2O[Si](C(C)(C)C)(C(C)(C)C)OC[C@H]2O[C@H]1n1cnc2c(OS(=O)(=O)c3c(C(C)C)cc(C(C)C)cc3C(C)C)ncnc21.CC(C)(C)[Si](OS(=O)(=O)C(F)(F)F)(OS(=O)(=O)C(F)(F)F)C(C)(C)C.CC(C)(C)[Si]1(C(C)(C)C)OC[C@H]2O[C@@H](n3cnc4c(=O)[nH]cnc43)[C@H](O)[C@@H]2O1.CC(C)(C)[Si]1(C(C)(C)C)OC[C@H]2O[C@@H](n3cnc4c(OCC[Si](C)(C)C)ncnc43)[C@H](O)[C@@H]2O1.C[O-].C[Si](C)(C)CCO.O=c1[nH]cnc2c1ncn2[C@@H]1O[C@H](CO)[C@@H](O)[C@H]1O.[Na+],success,42,26,266.58,
25,C.C.CC.CP(=O)(OC[C@H]1O[C@@H](n2cnc3c(=O)[nH]cnc32)[C@H](O)[C@@H]1O)OP(C)(=O)OC[C@H]1O[C@H](Oc2ccc3c(C(F)(F)F)cc(=O)oc3c2)[C@H](O)[C@@H]1O.C[C@H]1[C@@H](O[Si](C)(C)C(C)(C)C)[C@H](n2cnc3c(=O)[nH]cnc32)O[C@@H]1CO[P+](=O)OCCC#N.O=c1[nH]cnc2c1ncn2[C@@H]1O[C@H](CO)[C@@H](O)[C@H]1O.[2H]I(C)CCC.[3H]C.[3H]C.[CH2-]F.[CH2-]F.[U].[U],success,42,26,135.05,
26,CC(=O)Nc1ccc(C(=O)[O-])cc1.CC(=O)Nc1ccc(C(=O)[O-])cc1.CC(=O)Nc1ccc(C(=O)[O-])cc1.CC(O)C[NH+](C)C.CC(O)C[NH+](C)C.CC(O)C[NH+](C)C.O=c1[nH]cnc2c1ncn2[C@@H]1O[C@H](CO)[C@@H](O)[C@H]1O,success,42,26,85.93,
27,O=c1[nH]cnc2c1ncn2[C@@H]1O[C@H](CO)[C@@H](O)[C@H]1O.OC(F)(C(F)F)C(F)(F)F,success,42,26,28.8,
28,O=c1[nH]cnc2c1ncn2C1O[C@@H](CO)[C@H](O)[C@@H]1O,success,300,281,245.8,
29,CC(=O)Nc1ccc(C(=O)O)cc1.CC(=O)Nc1ccc(C(=O)O)cc1.CC(=O)Nc1ccc(C(=O)O)cc1.C[C@@H](O)CN(C)C.C[C@@H](O)CN(C)C.C[C@@H](O)CN(C)C.O=c1[nH]cnc2c1ncn2[C@@H]1O[C@H](CO)[C@@H](O)[C@H]1O,success,42,26,101.98,
30,[2H]c1nc2c(nc([2H])n2[C@@H]2O[C@H](CO)C(O)C2O)c(=O)[nH]1,success,266,247,248.38,
31,O=c1[nH]cnc2c1ncn2C1OC(CO)C(O)C1O.[Ag+],success,42,26,26.14,
32,O=c1[nH]cnc2c1ncn2C1OC(CO)C(O)C1O.O=c1[nH]cnc2c1ncn2C1OC(CO)C(O)C1O.[NH2-].[NH2-].[Pt+2],success,42,26,30.01,
33,O=c1[nH]cnc2c1ncn2C1OC(CO)C(O)C1O.[NH2-].[NH2-].[NH2-].[NH2-].[NH2-].[Ru+5],success,42,26,41.51,
34,O=c1[nH]cnc2c1ncn2C1OC(CO)C(O)C1O.[Ag+],success,42,26,25.87,
35,Cl[Pt]Cl.O=c1[nH]cnc2c1ncn2C1OC(CO)C(O)C1O.O=c1[nH]cnc2c1ncn2C1OC(CO)C(O)C1O,success,42,26,29.76,
36,O=c1[nH]cnc2c1ncn2[C@H]1O[C@H](CO)[C@H](O)[C@H]1O,success,300,281,244.92,
37,NC(N)=NCCCC(N)C(=O)O.O=c1[nH]cnc2c1ncn2[C@@H]1O[C@H](CO)[C@@H](O)[C@H]1O,success,42,26,76.24,
38,NC(N)=NCCC[C@H](N)C(=O)O.O=c1[nH]cnc2c1ncn2[C@@H]1O[C@H](CO)[C@@H](O)[C@H]1O,success,42,26,48.56,
39,O=c1[nH]cnc2c1ncn2[C@@H]1O[C@H](CO)[C@H](O)[C@H]1O,success,300,281,272.93,
40,Nc1ncnc2c1ncn2[C@@H]1O[C@H](CO)[C@@H](O)[C@H]1O.O=c1[nH]cnc2c1ncn2[C@@H]1O[C@H](CO)[C@@H](O)[C@H]1O,success,42,26,37.36,
41,O=P(O)(O)OP(=O)(O)O.O=c1[nH]cnc2c1ncn2[C@@H]1O[C@H](CO)[C@@H](O)[C@H]1O,success,42,26,33.94,
42,CC(=O)Nc1ccc(C(=O)O)cc1.CC(O)CN(C)C.O=c1[nH]cnc2c1ncn2[C@H]1O[C@@H](CO)[C@H](O)[C@@H]1O,success,42,26,95.83,
43,O=P(O)(O)O.O=P(O)(O)O.O=P(O)(O)O.O=P(O)(O)O.O=P(O)(O)O.O=c1[nH]cnc2c1ncn2[C@@H]1O[C@H](CO)[C@@H](O)[C@H]1O.O=c1[nH]cnc2c1ncn2[C@@H]1O[C@H](CO)[C@@H](O)[C@H]1O,success,42,26,60.52,
44,O=P(O)(O)O.O=P(O)(O)O.O=c1[nH]cnc2c1ncn2[C@@H]1O[C@H](CO)[C@@H](O)[C@H]1O,success,42,26,34.19,
45,O=P(O)(O)O.O=P(O)(O)O.O=P(O)(O)O.O=c1[nH]cnc2c1ncn2[C@@H]1O[C@H](CO)[C@@H](O)[C@H]1O,success,42,26,36.19,
46,O=c1[nH]cnc2c1ncn2[C@@H]1O[C@H](CO)C(O)[C@@H]1O,success,301,282,266.55,
47,Cn1c[n+](C2OC(CO)C(O)C2O)c2nc[nH]c(=O)c21,success,355,336,289.22,
48,O=c1[nH]cnc2c1[nH]c[n+]2C1OC(CO)C(O)C1O,success,324,305,292.52,
49,[2H]c1nc2c(nc([2H])n2[C@@H]2O[C@H](CO)[C@H](O)C2O)c(=O)[nH]1,success,265,246,334.86,
50,O=c1[nH]cnc2c1ncn2[C@@H]1O[C@H](CO)C(O)C1O.[Ac].[Ac].[Ac],success,42,26,36.32,
51,O=c1[nH]cnc2c1ncn2C1OC(CO)C(O)C1O.[Ac].[Ac].[Ac],success,42,26,26.21,
52,O=c1[nH]cnc2c1ncn2C1O[C@H](CO)[C@@H](O)C1O,success,301,282,252.11,
53,N[C@@H](CCC(=O)N[C@@H](CS)C(=O)NCC(=O)O)C(=O)O.O=c1[nH]cnc2c1ncn2[C@@H]1O[C@H](CO)[C@@H](O)[C@H]1O,success,42,26,73.48,
54,O=c1[nH]cnc2c1ncn2[13C@@H]1O[13C@H]([13CH2]O)[13C@@H](O)[13C@H]1O,success,278,259,300.41,
55,O=c1[nH]cnc2c1ncn2[C@H]1O[C@@H](CO)C(O)C1O,success,302,283,253.67,
56,O=C1CCCN1.O=c1[nH]cnc2c1ncn2[C@@H]1O[C@H](CO)[C@@H](O)[C@H]1O,success,42,26,37.07,
57,O=C([O-])c1cc(=O)[nH]c(=O)[nH]1.O=c1[nH]cnc2c1ncn2[C@@H]1O[C@H](CO)[C@@H](O)[C@H]1O.[K+],success,42,26,58.31,
58,NP(O)O.O=c1[nH]cnc2c1ncn2[C@@H]1O[C@H](CO)[C@@H](O)[C@H]1O,success,68,52,86.14,
59,Nc1nc2c(ncn2[C@@H]2O[C@H](CO)[C@@H](O)[C@H]2O)c(=O)[nH]1.O=c1[nH]cnc2c1ncn2[C@@H]1O[C@H](CO)[C@@H](O)[C@H]1O,success,42,26,48.16,
60,Cc1cc2nc3c(=O)[nH]c(=O)nc-3n(C[C@H](O)[C@H](O)[C@H](O)COP(=O)([O-])O)c2cc1C.O=c1[nH]cnc2c1ncn2[C@@H]1O[C@H](CO)[C@@H](O)[C@H]1O.[Na+],success,42,26,68.77,
61,Nc1ncnc2c1ncn2[C@@H]1O[C@H](COP(=O)(O)OP(=O)(O)OP(=O)(O)O)[C@@H](O)[C@H]1O.O=c1[nH]cnc2c1ncn2[C@@H]1O[C@H](CO)[C@@H](O)[C@H]1O,success,42,26,77.55,
62,O=c1[nH]cnc2c1ncn2[C@@H]1O[C@H](CO)[C@@H](O)[C@H]1O.[Na],success,42,26,29.17,
63,O=c1[nH]cnc2c1ncn2[C@@H]1O[C@H](CO)[C@@H](O)[C@H]1O.[Na].[Na],success,42,26,41.38,
64,O=c1[nH]cnc2c1ncn2[C@@H]1O[C@H](CO)[C@@H](O)[C@H]1O.O=c1[nH]cnc2nc[nH]c12,success,42,26,27.62,
65,O=c1[nH]cnc2c1ncn2[C@@H]1O[C@H](CO)[C@@H](O)[C@H]1O.[H+],success,301,282,291.26,
66,NP(=O)(O)O.O=c1[nH]cnc2c1ncn2[C@@H]1O[C@H](CO)[C@@H](O)[C@H]1O,success,78,62,68.19,
67,Nc1ccn([C@@H]2O[C@H](CO)[C@@H](O)[C@H]2O)c(=O)n1.O=c1[nH]cnc2c1ncn2[C@@H]1O[C@H](CO)[C@@H](O)[C@H]1O,success,42,26,31.71,
68,O=C(O)CCCCCCCCCCCCCCC(=O)O.O=c1[nH]cnc2c1ncn2[C@@H]1O[C@H](CO)[C@@H](O)[C@H]1O,success,42,26,46.39,
69,O=C(O)CCCCCCC(=O)O.O=c1[nH]cnc2c1ncn2[C@@H]1O[C@H](CO)[C@@H](O)[C@H]1O,success,42,26,43.08,
70,O=C(O)CCCCCCCCCCC(=O)O.O=c1[nH]cnc2c1ncn2[C@@H]1O[C@H](CO)[C@@H](O)[C@H]1O,success,42,26,44.64,
71,O=C(O)CCCCC(=O)O.O=c1[nH]cnc2c1ncn2[C@@H]1O[C@H](CO)[C@@H](O)[C@H]1O,success,42,26,42.71,
72,Nc1nc2c(ncn2[C@@H]2O[C@H](COP(=O)(O)O)[C@@H](O)[C@H]2O)c(=O)[nH]1.O=c1[nH]cnc2c1ncn2[C@@H]1O[C@H](CO)[C@@H](O)[C@H]1O,success,89,73,87.49,
73,O=P([O-])(O)O.O=c1[nH]cnc2c1ncn2[C@@H]1O[C@H](CO)[C@@H](O)[C@H]1O.[Na+],success,42,26,32.88,
74,O=c1[nH]cnc2c1ncn2[C@@H]1O[C@H](CO)[C@@H](O)[C@H]1O.O=c1ccn([C@@H]2O[C@H](CO)[C@@H](O)[C@H]2O)c(=O)[nH]1,success,42,26,29.55,
75,O=c1[nH]c(=O)c2[nH]cnc2[nH]1.O=c1[nH]cnc2c1ncn2[C@@H]1O[C@H](CO)[C@@H](O)[C@H]1O.O=c1[nH]cnc2nc[nH]c12,success,42,26,34.97,
76,Nc1ncnc2c1ncn2[C@@H]1O[C@H](COP(=O)(O)O)[C@@H](O)[C@H]1O.O=c1[nH]cnc2c1ncn2[C@@H]1O[C@H](CO)[C@@H](O)[C@H]1O,success,86,70,89.82,
77,Nc1ncnc2c1ncn2[C@@H]1O[C@H](CO)[C@@H](O)[C@H]1O.O=c1[nH]cnc2c1ncn2[C@@H]1O[C@H](CO)[C@@H](O)[C@H]1O.O=c1[nH]cnc2nc[nH]c12,success,42,26,35.2,
78,Nc1nc2c(ncn2[C@@H]2O[C@H](CO)[C@@H](O)[C@H]2O)c(=O)[nH]1.Nc1ncnc2c1ncn2[C@@H]1O[C@H](CO)[C@@H](O)[C@H]1O.O=c1[nH]cnc2c1ncn2[C@@H]1O[C@H](CO)[C@@H](O)[C@H]1O,success,42,26,44.42,
79,O=c1[nH]cnc2c1ncn2[C@@H]1O[C@H](CO)[C@@H](O)[C@H]1O.c1ncc2[nH]cnc2n1,success,42,26,27.49,
80,O=c1[nH]c(=O)c2[nH]cnc2[nH]1.O=c1[nH]cnc2c1ncn2[C@@H]1O[C@H](CO)[C@@H](O)[C@H]1O,success,42,26,48.39,
81,O=c1[nH]cnc2c1[n+]([O-])cn2[C@@H]1O[C@H](CO)[C@@H](O)[C@H]1O,success,243,224,238.02,
82,O=[N+]([O-])c1ccc2[nH]ccc2c1.O=c1[nH]cnc2c1ncn2[C@@H]1O[C@H](CO)[C@@H](O)[C@H]1O,success,42,26,45.61,
83,O=c1[nH]cnc2c1ncn2[C@@H]1O[C@H](CO)[C@@H](O)[C@H]1O.O=c1[nH]cnc2c1ncn2[C@@H]1O[C@H](CO)[C@@H](O)[C@H]1O,success,42,26,29.32,
84,Nc1nc2c(ncn2[C@@H]2O[C@H](CO)[C@@H](O)[C@H]2O)c(=O)[nH]1.O=P(O)(O)O.O=c1[nH]cnc2c1ncn2[C@@H]1O[C@H](CO)[C@@H](O)[C@H]1O,success,42,26,40.16,
85,O=C(O)COc1cn([C@@H]2O[C@H](CO)[C@@H](O)[C@H]2O)c(=O)[nH]c1=O.O=c1[nH]cnc2c1ncn2[C@@H]1O[C@H](CO)[C@@H](O)[C@H]1O,success,42,26,69.85,
86,Cn1c(=O)ccn([C@@H]2O[C@H](CO)[C@@H](O)[C@H]2O)c1=O.O=c1[nH]cnc2c1ncn2[C@@H]1O[C@H](CO)[C@@H](O)[C@H]1O,success,42,26,29.94,
87,O=CC[C@H](O)[C@H](O)CO.O=c1[nH]cnc2c1ncn2[C@@H]1O[C@H](CO)[C@@H](O)[C@H]1O,success,42,26,36.68,
88,O=c1[nH]cnc2c1ncn2[C@@H]1O[C@H](CO)[C@@H](O)[C@H]1O.O=c1[nH]cnc2c1ncn2[C@@H]1O[C@H](COP(=O)(O)O)[C@@H](O)[C@H]1O,success,83,67,86.08,
89,Nc1ccnc(=O)[nH]1.O=c1[nH]cnc2c1ncn2[C@@H]1O[C@H](CO)[C@@H](O)[C@H]1O,success,42,26,28.86,
90,N.O=c1[nH]cnc2c1ncn2[C@@H]1O[C@H](CO)[C@@H](O)[C@H]1O,success,59,43,35.5,
91,O=c1[nH]c(=O)n(C2C[C@H](O)[C@@H](CO)O2)cc1I.O=c1[nH]cnc2c1ncn2[C@@H]1O[C@H](CO)[C@@H](O)[C@H]1O,success,42,26,29.4,
92,O=c1[nH]c(=O)n([C@H]2C[C@H](O)[C@@H](CO)O2)cc1I.O=c1[nH]cnc2c1ncn2[C@@H]1O[C@H](CO)[C@@H](O)[C@H]1O,success,42,26,29.43,
93,O=S(=O)(O)O.O=c1[nH]cnc2c1ncn2[C@@H]1O[C@H](CO)[C@@H](O)[C@H]1O,success,42,26,42.67,
94,O=S(=O)(O)O.O=c1[nH]cnc2c1ncn2[C@@H]1O[C@H](CO)C(O)C1O,success,42,26,27.36,
95,O=C[C@H](O)[C@H](O)[C@H](O)CO.O=c1[nH]cnc2c1ncn2[C@@H]1O[C@H](CO)[C@@H](O)[C@H]1O,success,42,26,58.82,
96,COc1cc([C@@H]2c3cc4c(cc3[C@H](O)[C@H]3COC(=O)[C@H]23)OCO4)cc(OC)c1OC.O=c1[nH]cnc2c1ncn2[C@@H]1O[C@H](CO)[C@@H](O)[C@H]1O,success,42,26,39.51,
97,NC(CCS)C(=O)O.Nc1ncnc2c1ncn2[C@@H]1O[C@H](CO)[C@@H](O)[C@H]1O.O=c1[nH]cnc2c1ncn2[C@@H]1O[C@H](CO)[C@@H](O)[C@H]1O,success,42,26,61.89,
98,N[C@@H](CCS)C(=O)O.Nc1ncnc2c1ncn2[C@@H]1O[C@H](CO)[C@@H](O)[C@H]1O.O=c1[nH]cnc2c1ncn2[C@@H]1O[C@H](CO)[C@@H](O)[C@H]1O,success,42,26,61.34,
99,COP(=S)(OC)Oc1ccc(Sc2ccc(OP(=S)(OC)OC)cc2)cc1.O=c1[nH]cnc2c1ncn2[C@@H]1O[C@H](CO)[C@@H](O)[C@H]1O,success,42,26,44.85,
100,O=C(O)c1ccccc1.O=c1[nH]cnc2c1ncn2[C@@H]1O[C@H](CO)[C@@H](O)[C@H]1O,success,42,26,38.46,
101,Cc1cn([C@H]2C[C@H](O)[C@@H](CO)O2)c(=S)[nH]c1=O.O=c1[nH]cnc2c1ncn2[C@@H]1O[C@H](CO)[C@@H](O)[C@H]1O,success,42,26,29.74,
102,Nc1ncnc2c1ncn2[C@@H]1O[C@H](CO)[C@@H](O)[C@H]1O.O=c1[nH]c(=O)c2[nH]cnc2[nH]1.O=c1[nH]cnc2c1ncn2[C@@H]1O[C@H](CO)[C@@H](O)[C@H]1O,success,42,26,61.41,
103,O=c1[nH]cnc2c1ncn2[C@@H]1O[C@H](CO)[C@@H](O)[C@H]1O.[Ca],success,42,26,25.57,
104,Nc1ncnc2c1ncn2[C@@H]1O[C@H](CO)[C@@H](O)[C@H]1O.Nc1ncnc2c1ncn2[C@@H]1O[C@H](COP(=O)(O)O)[C@@H](O)[C@H]1O.O=c1[nH]cnc2c1ncn2[C@@H]1O[C@H](CO)[C@@H](O)[C@H]1O,success,42,26,81.32,
105,O=c1[nH]cnc2c1ncn2[C@@H]1O[C@H](CO)[C@@H](O)[C@H]1O.O=c1[nH]cnc2c1ncn2[C@H]1C[C@H](O)[C@@H](CO)O1,success,42,26,46.49,
106,O=c1[nH]cnc2c1ncn2[C@@H]1O[C@H](CO)[C@@H](O)[C@H]1O.[Zn],success,42,26,25.65,
107,O=c1[nH]cnc2c1ncn2[C@@H]1O[C@H](CO)C(O)C1O.[Zn],success,42,26,25.71,
108,O=c1[nH]cnc2c1ncn2[C@@H]1O[C@H](CO)[C@@H](O)[C@H]1O.O=c1cc[nH]c(=O)[nH]1,success,42,26,27.03,
109,O=[N+]([O-])c1cc[nH]c1.O=[N+]([O-])c1ccc2[nH]ccc2c1.O=c1[nH]cnc2c1ncn2[C@@H]1O[C@H](CO)[C@@H](O)[C@H]1O,success,42,26,30.73,
110,CC(O)CN(C)C.O=c1[nH]cnc2c1ncn2[C@@H]1O[C@H](CO)[C@@H](O)[C@H]1O,success,42,26,30.46,
111,Nc1ncnc2c1ncn2[C@@H]1O[C@H](CO)[C@@H](O)[C@H]1O.O=c1[nH]cnc2c1ncn2[C@@H]1O[C@H](CO)[C@@H](O)[C@H]1O.O=c1ccn([C@@H]2O[C@H](CO)[C@@H](O)[C@H]2O)c(=O)[nH]1,success,42,26,38.03,
112,O=c1[nH]cnc2c1ncn2[C@@H]1O[C@H](CO)[C@@H](O)[C@H]1O.c1ncc2[nH]ncc2n1,success,42,26,27.24,
113,C=C(C)CCNc1ncnc2nc[nH]c12.O=c1[nH]cnc2c1ncn2[C@@H]1O[C@H](CO)[C@@H](O)[C@H]1O,success,42,26,52.34,
114,N[C@@H](Cc1c[nH]c2ccccc12)C(=O)O.O=c1[nH]cnc2c1ncn2[C@@H]1O[C@H](CO)[C@@H](O)[C@H]1O,success,42,26,76.4,
115,CCCCCCCCCCCCCCCCCC(=O)NS(=O)(=O)c1ccc(N)cc1.O=c1[nH]cnc2c1ncn2[C@@H]1O[C@H](CO)[C@@H](O)[C@H]1O,success,42,26,56.54,
116,Cc1cn([C@H]2C[C@H](O)[C@@H](COP(=O)(O)OCC(O)CO)O2)c(=O)[nH]c1=O.O=c1[nH]cnc2c1ncn2[C@@H]1O[C@H](CO)[C@@H](O)[C@H]1O.O=c1ccn([C@@H]2O[C@H](CO)[C@@H](O)[C@H]2O)c(=O)[nH]1,success,42,26,53.01,
117,[2H]c1nc2c(=O)[nH]cnc2n1[C@@H]1O[C@H](CO)[C@@H](O)[C@H]1O,success,282,263,245.41,
118,NC(CCS)C(=O)O.NC(Cc1ccc(O)cc1)C(=O)O.O=c1[nH]cnc2c1ncn2[C@@H]1O[C@H](CO)[C@@H](O)[C@H]1O,success,42,26,102.78,
119,N[C@@H](CCS)C(=O)O.N[C@@H](Cc1ccc(O)cc1)C(=O)O.O=c1[nH]cnc2c1ncn2[C@@H]1O[C@H](CO)[C@@H](O)[C@H]1O,success,42,26,63.56,
120,C[C@H](O)[C@@H](O)[C@@H](O)[C@@H](C=O)OP(=O)(O)OP(=O)(O)O.O=c1[nH]cnc2c1ncn2[C@@H]1O[C@H](CO)[C@@H](O)[C@H]1O,success,148,130,112.01,
121,O=[N+]([O-])c1ccc2[nH]ccc2c1.O=[N+]([O-])c1cccc2[nH]cnc12.O=c1[nH]cnc2c1ncn2[C@@H]1O[C@H](CO)[C@@H](O)[C@H]1O,success,42,26,31.57,
122,[2H]OC[C@H]1O[C@@H](n2cnc3c(=O)[nH]cnc32)[C@H](O)[C@@H]1O,success,209,190,187.39,
123,O=c1[nH]cnc2c1ncn2C1O[C@H](CO)C(O)C1O,success,302,283,245.79,
124,O=c1[nH]cnc2c1ncn2[C@@H]1O[C@H](CO)[C@@H](O)[C@H]1O.[Cu].[Pd],success,42,26,25.78,
125,O=C(O)CNCc1c[nH]c(=O)[nH]c1=O.O=c1[nH]cnc2c1ncn2[C@@H]1O[C@H](CO)[C@@H](O)[C@H]1O,success,42,26,44.43,
126,NCn1c(=O)[nH]cc(CC(=O)O)c1=O.O=c1[nH]cnc2c1ncn2[C@@H]1O[C@H](CO)[C@@H](O)[C@H]1O,success,42,26,40.92,
127,O=c1[nH]cnc2c1ncn2[C@@H]1O[C@@H](CO)[C@H](O)C1O,success,301,282,247.89,
128,Nc1ncnc2c1ncn2[C@@H]1O[C@H](CO)[C@@H](O)[C@H]1O.O=C(O)CCC(=O)O.O=c1[nH]cnc2c1ncn2[C@@H]1O[C@H](CO)[C@@H](O)[C@H]1O,success,42,26,176.44,
129,O=c1[nH]cnc2c1ncn2C1O[C@H](CO)[C@H](O)[C@H]1O,success,300,281,273.38,
130,O=c1[nH]cnc2c1ncn2C1OC(CO)[C@@H](O)[C@H]1O,success,300,281,249.19,
131,O=c1[nH]cnc2c1ncn2[C@@H]1O[C@H](CO)[C@@H](O)[C@H]1O.O=c1[nH]cnc2c1ncn2[C@@H]1O[C@H](CO)[C@@H](O)[C@H]1O.O=c1[nH]cnc2c1ncn2[C@@H]1O[C@H](CO)[C@@H](O)[C@H]1O,success,42,26,33.25,
132,O=c1[nH]cnc2c1ncn2[C@@H]1O[C@H](CO)[C@H](O)[C@@H]1O,success,300,281,274.42,
133,O=c1[nH]cnc2c1n[14cH]n2[C@@H]1O[C@H](CO)[C@@H](O)[C@H]1O,success,300,281,259.69,
134,NCC(=O)O.O=c1[nH]cnc2c1ncn2[C@@H]1O[C@H](CO)[C@@H](O)[C@H]1O,success,573,557,292.87,
135,O.O=c1[nH]cnc2c1ncn2[C@@H]1O[C@H](CO)[C@@H](O)[C@H]1O,success,42,26,25.53,
136,CC(N)Cc1ccccc1.C[C@]12CCC(=O)C=C1CC[C@H]1[C@@H]3CC[C@](OP(=O)(O)O)(C(=O)CO)[C@@]3(C)C[C@H](O)[C@@]12F.O=c1[nH]cnc2c1ncn2[C@@H]1O[C@H](CO)[C@@H](O)[C@H]1O,success,42,26,69.63,
137,N[C@@H](Cc1c[nH]c2ccc(O)cc12)C(=O)O.O.O.O.O=c1[nH]cnc2c1ncn2[C@@H]1O[C@H](CO)[C@@H](O)[C@H]1O,success,42,26,56.82,
138,CC.O=c1[nH]cnc2c1ncn2C1OC(CO)C(O)C1O,success,42,26,40.53,
139,Nc1ncnc2nc[nH]c12.O=c1[nH]cnc2c1ncn2[C@@H]1O[C@H](CO)[C@@H](O)[C@H]1O,success,42,26,29.42,
140,O=c1[nH]c(=O)c2ncn([C@@H]3O[C@H](CO)[C@@H](O)[C@H]3O)c2[nH]1.O=c1[nH]cnc2c1ncn2[C@@H]1O[C@H](CO)[C@@H](O)[C@H]1O,success,42,26,53.17,
141,[3H]c1nc2c(nc([3H])n2[C@@H]2O[C@H](CO)[C@@H](O)[C@H]2O)c(=O)[nH]1,success,264,245,258.19,
142,O=c1[nH]cnc2c1ncn2[14C@@H]1O[C@H](CO)[C@@H](O)[C@H]1O,success,300,281,253.92,
143,O=c1[nH]cnc2c1nc[15n]2[C@@H]1O[C@H](CO)[C@@H](O)[C@H]1O,success,300,281,248.33,
144,[3H]C(O)[C@H]1O[C@@H](n2[14cH]nc3c(=O)[nH]cnc32)[C@H](O)[C@@H]1O,success,271,252,301.37,
145,[3H][C@@]1(n2cnc3c(=O)[nH]cnc32)O[C@H](CO)[C@@H](O)[C@H]1O,success,265,246,285.51,
146,Nc1nc2nc[nH]c2c(=O)[nH]1.O=c1[nH]cnc2c1ncn2[C@@H]1O[C@H](CO)[C@@H](O)[C@H]1O.O=c1cc[nH]c(=O)[nH]1,success,42,26,29.65,
147,O=c1[nH]cnc2c1ncn2[C@@H]1O[C@H](CO)[C@@H](O)[C@H]1O.O=c1ccn([C@@H]2O[C@H](CO)[C@@H](OP(=O)(O)O)[C@H]2O)c(=O)[nH]1,success,81,65,83.23,
148,CC(=O)OC[C@H]1O[C@@H](n2cnc3c(=O)[nH]cnc32)[C@H](OC(C)=O)[C@@]1(C)OC(C)=O.CC(=O)OC[C@H]1O[C@@H](n2cnc3c(Cl)ncnc32)[C@H](OC(C)=O)[C@@]1(C)OC(C)=O.CC[C@H]1O[C@@H](n2cnc3c(=O)[nH]cnc32)[C@H](O[Si](C)(C)C(C)(C)C)[C@@H]1O.CC[C@H]1O[C@@H](n2cnc3c(=O)[nH]cnc32)[C@H](O[Si](C)(C)C(C)(C)C)[C@@]1(C)O.C[O-].Cc1ncnc2c1ncn2[C@@H]1O[C@H](CO)[C@](C)(O)[C@H]1O.O=P(Cl)(Cl)Cl.O=c1[nH]cnc2c1ncn2[C@@H]1O[C@H](CO)[C@@H](O)[C@H]1O.[Na+],success,42,26,157.35,
149,Nc1ncnc2c1ncn2[C@@H]1O[C@H](CO)C(O)C1O.O=c1[nH]cnc2c1ncn2[C@@H]1O[C@H](CO)C(O)C1O.O=c1[nH]cnc2c1ncn2[C@@H]1O[C@H](CO)C(O)C1O.OC[C@H]1O[C@@H](n2cnc3c(Cl)ncnc32)C(O)C1O.OC[C@H]1O[C@@H](n2cnc3c(Cl)ncnc32)C(O)C1O.[Ac].[Ac].[Ac].[Ac].[Ac].[Ac].[N-]=[N+]=Nc1ncnc2c1ncn2[C@@H]1O[C@H](CO)C(O)C1O,success,42,26,76.84,
150,C1=CC=CNC=C1.O=c1[nH]cnc2c1ncn2[C@@H]1O[C@H](CO)[C@@H](O)[C@H]1O,success,42,26,26.86,
151,O=c1[nH]cnc2c1ncn2[C@@H]1O[C@H](CO)[C@@H](O)[C@H]1O.c1cc2ccc3cccc4ccc(c1)c2c34,success,42,26,30.94,
152,C1COCCN1.O=c1[nH]cnc2c1ncn2[C@@H]1O[C@H](CO)[C@@H](O)[C@H]1O,success,42,26,26.57,
153,CC(=O)C(=O)O.O=c1[nH]cnc2c1ncn2[C@@H]1O[C@H](CO)[C@@H](O)[C@H]1O,success,1262,1245,632.22,
154,N[C@@H](Cc1c[nH]c2ccccc12)C(=O)O.O=c1[nH]cnc2c1ncn2[C@@H]1O[C@H](CO)[C@@H](O)[C@H]1O.c1ncc2[nH]cnc2n1,success,42,26,53.23,
155,O=S(=O)([O-])c1ccc[n+](-c2ncnc3c2ncn3C2OC(CO)C(O)C2O)c1.O=S(=O)([O-])c1cccnc1.O=c1[nH]c2c(NC3OC(CO)C(O)C3O)ncnc2[n+]2cc(S(=O)(=O)[O-])ccc12.O=c1[nH]c2c(NC3OC(CO)C(O)C3O)ncnc2[n+]2cc(S(=O)(=O)[O-])ccc12.O=c1[nH]cnc2c1ncn2C1OC(CO)C(O)C1O.[Ac].[Ac].[Ac].[Ac].[Ac].[Ac].[Ac].[Ac].[Ac],success,42,26,250.38,
156,CO[C@H]1[C@@H](O)[C@H](n2cnc3c(=O)[nH]c(N)nc32)O[C@@H]1CO.CSNc1nc2nc[nH]c2c(=O)[nH]1.CSc1ncnc2nc[nH]c12.CSc1ncnc2nc[nH]c12.Cn1c[n+]([C@@H]2O[C@H](CO)[C@@H](O)[C@H]2O)c2nc(N)[nH]c(=O)c21.Cn1c[n+]([C@@H]2O[C@H](CO)[C@@H](O)[C@H]2O)c2nc[nH]c(=O)c21.Cn1cnc2c(ncn2[C@@H]2O[C@H](CO)[C@@H](O)[C@H]2O)c1=O.Cn1cnc2nc[nH]c2c1=O,success,42,26,56.69,
157,Cc1ccc2c(=O)[nH]c3c(NC4OC(CO)C(O)C4O)ncnc3[n+]2c1.Cc1ccc2c(=O)[nH]c3c(NC4OC(CO)C(O)C4O)ncnc3[n+]2c1.Cc1ccc[n+](-c2ncnc3c2ncn3C2OC(CO)C(O)C2O)c1.Cc1cccnc1.O=c1[nH]cnc2c1ncn2C1OC(CO)C(O)C1O.[Ac].[Ac].[Ac].[Ac].[Ac].[Ac].[Ac].[Ac].[Ac],success,42,26,237.43,
158,C.C.CN1C(=O)Nc2nc[nH]c2C1N.Cn1c(N)cc[n+](C2OC(CO)C(O)C2O)c1=O.Cn1c[n+](C2OC(CO)C(O)C2O)c2nc[nH]c(=O)c21,success,42,26,55.34,
159,C=C1[C@H](CO)[C@@H](O)C[C@@H]1n1cnc2c(=O)[nH]c(N)nc21.CCC(=O)Nc1ccn([C@@H]2O[C@H](CO)[C@@H](O)[C@@H]2O)c(=O)n1.Nc1nc(Cl)nc2c1ncn2[C@@H]1O[C@H](CO)[C@@H](O)[C@@H]1F.Nc1nc2c(ncn2[C@H]2C=C[C@@H](CO)C2)c(=O)[nH]1.O=c1[nH]cnc2c1ncn2[C@@H]1O[C@H](CO)[C@@H](O)[C@H]1O,success,42,26,85.34,
160,NC1=NCc2ncn([C@@]3([O-])O[C@H](CO)C(O)C3O)c2N1.O.O=P([O-])([O-])O[C@@H]1C[C@H](O)[C@@H](CO)O1.O=c1[nH]cnc2c1ncn2[C@@H]1O[C@H](CO)[C@@H](O)[C@H]1O.OC[C@H]1OC(O)[C@H](O)[C@@H]1O,success,42,26,51.01,
161,Nc1nc2c(ncn2[C@@]2([O-])O[C@H](CO)C(O)C2O)c(=O)[nH]1.O.O=P([O-])([O-])O[C@@H]1C[C@H](O)[C@@H](CO)O1.O=c1[nH]cnc2c1ncn2[C@@H]1O[C@H](CO)[C@@H](O)[C@H]1O.OC[C@H]1OC(O)[C@H](O)[C@@H]1O,success,42,26,79.24,
162,C.CC[C@H]1O[C@@H](C#N)[C@H](OC(=O)c2ccccc2)[C@@H]1C.CC[C@H]1O[C@@H](C(N)=S)[C@H](OC(=O)c2ccccc2)[C@@H]1C.CC[C@H]1O[C@@H](OC(C)=O)[C@H](OC(=O)c2ccccc2)[C@@H]1C.O=c1[nH]cnc2c1ncn2[C@@H]1O[C@H](CO)[C@@H](O)[C@H]1O,success,42,26,106.21,
163,NC(CCC(=O)NC(CSSCC(NC(=O)CCC(N)C(=O)O)C(=O)NCC(=O)[O-])C(=O)NCC(=O)[O-])C(=O)O.O=C=O.O=c1[nH]cnc2c1ncn2C1OC(CO)C(O)C1O.[CH2-]NC(=O)C(CS)NC(=O)CCC(N)C(=O)O.[Na+].[Na+].[Na+],success,42,26,141.3,
164,CC(=O)C(=O)O.Nc1ncnc2nc[nH]c12.O=C[C@H](O)[C@@H](O)[C@H](O)[C@H](O)CO.O=P(O)(O)O.O=c1[nH]cnc2c1ncn2[C@@H]1O[C@H](CO)[C@@H](O)[C@H]1O,success,42,26,71.08,
165,Nc1ncnc2c1ncn2[C@@H]1O[C@H](CO)C(O)C1O.O=c1[nH]cnc2c1ncn2[C@@H]1O[C@H](CO)C(O)C1O.OC[C@H]1O[C@@H](n2cnc3c(Cl)ncnc32)C(O)C1O.OC[C@H]1O[C@@H](n2cnc3c(Cl)ncnc32)C(O)C1O.OC[C@H]1O[C@@H](n2cnc3c2NC=NC3O)C(O)C1O.[Ac].[Ac].[Ac].[Ac].[Ac].[Ac].[N-]=[N+]=Nc1ncnc2c1ncn2[C@@H]1O[C@H](CO)C(O)C1O,success,42,26,67.55,
166,C.C.CC1(C)OC2C(C(=O)O)OC(n3cnc4c(=O)[nH]cnc43)C2O1.CC1(C)OC2C(CO)OC(n3cnc4c(=O)[nH]cnc43)C2O1.CCNC(=O)C1OC(n2cnc3c(Cl)ncnc32)C2OC(C)(C)OC12.NCCCCNC(=O)OCc1ccccc1.O=c1[nH]cnc2c1ncn2C1OC(CO)C(O)C1O,success,42,26,90.74,
167,O=c1[nH]cnc2c1ncn2[C@@H]1O[C@H](CO)[C@@H](O)[C@H]1O.c1cn[nH]c1,success,42,26,42.49,
168,CC(=O)OC[C@H]1O[C@@H](n2cnc3c(=O)[nH]cnc32)[C@H](OC(C)=O)[C@@H]1OC(C)=O.CC(=O)OC[C@H]1O[C@@H](n2cnc3c(Cl)ncnc32)[C@H](OC(C)=O)[C@@H]1OC(C)=O.CC1(C)O[C@@H]2[C@H](O1)[C@@H](C(=O)O)O[C@H]2n1cnc2c(=O)[nH]cnc21.CC1(C)O[C@@H]2[C@H](O1)[C@@H](CO)O[C@H]2n1cnc2c(=O)[nH]cnc21.CCNC(=O)[C@H]1O[C@@H](n2cnc3c(Cl)ncnc32)[C@@H]2OC(C)(C)O[C@@H]21.CCNC(=O)[C@H]1O[C@@H](n2cnc3c(NCC)ncnc32)[C@H](O)[C@@H]1O.CCNc1ncnc2c1ncn2[C@@H]1O[C@H](CO)[C@@H](O)[C@H]1O.O=c1[nH]cnc2c1ncn2[C@@H]1O[C@H](CO)[C@@H](O)[C@H]1O,success,42,26,253.34,
169,O=c1[nH]cnc2c1ncn2[C@@H]1O[C@H](CO)[C@@H](O)[C@H]1O.O=c1[nH]cnc2c1ncn2[C@@H]1O[C@H](COS(=O)(=O)[O-])[C@@H](O)[C@H]1O.[Na+],success,42,26,46.48,
170,O=c1[nH]cnc2c1ncn2C1O[C@H](COS(=O)(=O)[O-])C(O)C1O.O=c1[nH]cnc2c1ncn2[C@@H]1O[C@H](CO)[C@@H](O)[C@H]1O.[Na+],success,42,26,32.6,
171,CSNc1nc2nc[nH]c2c(=O)[nH]1.CSc1ncnc2nc[nH]c12.CSc1ncnc2nc[nH]c12.Cn1c[n+]([C@@H]2O[C@H](CO)[C@@H](O)[C@H]2O)c2nc(N)[nH]c(=O)c21.Cn1c[n+]([C@@H]2O[C@H](CO)[C@@H](O)[C@H]2O)c2nc[nH]c(=O)c21.Cn1cnc2c(ncn2[C@@H]2O[C@H](CO)[C@@H](O)[C@H]2O)c1=O.Cn1cnc2nc[nH]c2c1=O,success,42,26,50.21,
172,COC(=O)c1ccc2c(=O)[nH]c3c(NC4OC(CO)C(O)C4O)ncnc3[n+]2c1.COC(=O)c1ccc[n+](-c2ncnc3c2ncn3C2OC(CO)C(O)C2O)c1.COC(=O)c1cccnc1.O=C(O)c1ccc2c(=O)[nH]c3c(NC4OC(CO)C(O)C4O)ncnc3[n+]2c1.O=c1[nH]cnc2c1ncn2C1OC(CO)C(O)C1O.[Ac].[Ac].[Ac].[Ac].[Ac].[Ac].[Ac].[Ac].[Ac],success,42,26,314.34,
173,CC(=O)OC[C@H]1O[C@@H](n2cnc3c(=O)[nH]cnc32)C(OC(C)=O)[C@H]1OC(C)=O.CC(=O)OC[C@H]1O[C@@H](n2cnc3c(Cl)nc([N+](=O)[O-])nc32)C(OC(C)=O)[C@H]1OC(C)=O.CC(=O)OC[C@H]1O[C@@H](n2cnc3c(Cl)ncnc32)C(OC(C)=O)[C@H]1OC(C)=O.COc1nc(N)c2ncn([C@@H]3O[C@H](CO)[C@H](O)C3O)c2n1.COc1nc(OC)c2ncn([C@@H]3O[C@H](CO)[C@H](O)C3O)c2n1.O=c1[nH]cnc2c1ncn2[C@@H]1O[C@H](CO)[C@H](O)C1O,success,42,26,156.11,
174,O=c1[nH]cnc2c1ncn2[C@@H]1O[C@H](CO)[C@@H](O)[C@H]1O.O=c1[nH]cnc2ncn(Cc3ccccc3)c12,success,42,26,30.74,
175,Nc1ncnc2c1ncn2[C@@H]1O[C@H](CO)C(O)C1O.O=c1[nH]cnc2c1ncn2[C@@H]1O[C@H](CO)C(O)C1O.[N-]=[N+]=Nc1ncnc2c1ncn2[C@@H]1O[C@H](CO)C(O)C1O,success,42,26,40.41,
176,CC[C@H]1O[C@@H](n2cnc3c(=O)[nH]cnc32)[C@H](O)[C@@H]1C.CC[C@H]1O[C@@H](n2cnc3c(=O)[nH]cnc32)[C@H](O)[C@@H]1C.CC[C@H]1O[C@@H](n2cnc3c(=O)[nH]cnc32)[C@H](O[P+](=O)O)[C@@H]1C.CC[C@H]1O[C@@H](n2cnc3c(=O)[nH]cnc32)[C@H](O[Si](C)(C)C(C)(C)C)[C@@H]1O.C[C@H]1[C@@H](O[P+](=O)O)[C@H](n2cnc3c(=O)[nH]cnc32)O[C@@H]1CO.O=c1[nH]cnc2c1ncn2[C@@H]1O[C@H](CO)[C@@H](O)[C@H]1O,success,42,26,73.02,
177,CC(C)(C)[Si](C)(C)OC[C@H]1O[C@@H](n2cnc3c(=O)n(-c4cccc(F)c4)cnc32)[C@@H](O[Si](C)(C)C(C)(C)C)C1O[Si](C)(C)C(C)(C)C.O=c1[nH]cnc2c1ncn2[C@@H]1O[C@H](CO)C(O)[C@@H]1O.O=c1c2ncn([C@@H]3O[C@H](CO)C(O)[C@@H]3O)c2ncn1-c1cccc(F)c1,success,42,26,56.71,
178,C.C.C.CC.CC.CC.CC[C@H]1O[C@@H](n2cnc3c(=O)[nH]cnc32)[C@H](O[Si](C)(C)C(C)(C)C)[C@@H]1C.CP(=O)(OC[C@H]1O[C@@H](n2cnc3c(=O)[nH]cnc32)[C@H](O)[C@@H]1O)OP(C)(=O)OC[C@H]1O[C@H](Oc2ccc([N+](=O)[O-])cc2)[C@H](O)[C@@H]1O.C[C@H]1[C@@H](O[Si](C)(C)C(C)(C)C)[C@H](n2cnc3c(=O)[nH]cnc32)O[C@@H]1CO.C[C@H]1[C@@H](O[Si](C)(C)C(C)(C)C)[C@H](n2cnc3c(=O)[nH]cnc32)O[C@@H]1CO[P+](C)=O.O=c1[nH]cnc2c1ncn2[C@@H]1O[C@H](CO)[C@@H](O)[C@H]1O.S=S=S=S=S=S=S=S=S=S.S=S=S=S=S=S=S=S=S=S=S.S=S=S=S=S=S=S=S=S=S=S=S.S=S=S=S=S=S=S=S=S=S=S=S=S=S=S.[C-]#[N+]CCO[P+](=O)OC[C@H]1O[C@@H](n2cnc3c(=O)[nH]cnc32)[C@H](O[Si](C)(C)C(C)(C)C)[C@@H]1C,success,42,26,197.14,
179,CC[C@H]1O[C@@H](n2cnc3c(=O)[nH]cnc32)[C@H](O[Si](C)(C)C(C)(C)C)[C@@H]1C.O=c1[nH]cnc2c1ncn2[C@@H]1O[C@H](CO)[C@@H](O)[C@H]1O.S=S=S=S=S=S=S=S=S=S,success,42,26,37.78,
180,Nc1nc2nc[nH]c2c(=O)[nH]1.O=c1[nH]cnc2c1ncn2[C@@H]1O[C@H](CO)[C@@H](O)[C@H]1O,success,42,26,32.47,
181,CC(=O)OC[C@H]1O[C@@H](n2cnc3c(=O)[nH]cnc32)[C@@H]2OC(C)(C)O[C@@H]21.CC(=O)OC[C@H]1O[C@@H](n2cnc3c(Cl)ncnc32)[C@@H]2OC(C)(C)O[C@@H]21.COc1ncnc2c1ncn2[C@@H]1O[C@H](CN=[N+]=[N-])[C@H]2OC(C)(C)O[C@H]21.COc1ncnc2c1ncn2[C@@H]1O[C@H](CO)[C@H]2OC(C)(C)O[C@H]21.O=CO[O-].O=c1[nH]cnc2c1ncn2[C@@H]1O[C@H](CO)[C@@H](O)[C@H]1O.S=S=S=S=S=S=S=S.S=S=S=S=S=S=S=S=S.S=S=S=S=S=S=S=S=S=S.S=S=S=S=S=S=S=S=S=S=S.S=S=S=S=S=S=S=S=S=S=S=S.[H-].[K+].[K+].c1ccc(P(c2ccccc2)c2ccccc2)cc1,success,42,26,134.11,
182,O=c1[15nH]c[15n]c2c1[15n]c[15n]2[C@@H]1O[C@H](CO)[C@@H](O)[C@H]1O,success,300,281,269.91,
183,O=P([O-])([O-])[O-].O=c1[nH]cnc2c1ncn2[C@@H]1O[C@H](CO)[C@@H](O)[C@H]1O.[Na+].[Na+].[Na+],success,42,26,47.5,
184,O=P(O)(O)O.O=c1[nH]cnc2c1ncn2[C@@H]1O[C@H](CO)[C@@H](O)[C@H]1O.O=c1[nH]cnc2c1ncn2[C@@H]1O[C@H](CO)[C@@H](O)[C@H]1O,success,42,26,45.09,
185,O=P(O)(O)O.O=P(O)(O)O.O=P(O)(O)O.O=P(O)(O)O.O=c1[nH]cnc2c1ncn2[C@@H]1O[C@H](CO)[C@@H](O)[C@H]1O,success,42,26,44.96,
186,Nc1nc2c(ncn2[C@@H]2O[C@H](CO)[C@@H](O)[C@H]2O)c(=O)[nH]1.Nc1ncnc2c1ncn2[C@@H]1O[C@H](CO)[C@@H](O)[C@H]1O.O=c1[nH]c(=O)c2ncn([C@@H]3O[C@H](CO)[C@@H](O)[C@H]3O)c2[nH]1.O=c1[nH]cnc2c1ncn2[C@@H]1O[C@H](CO)[C@@H](O)[C@H]1O,success,42,26,54.01,
187,O=C([O-])c1cc(=O)[nH]c(=O)[nH]1.O=C([O-])c1cc(=O)[nH]c(=O)[nH]1.O=c1[nH]cnc2c1ncn2[C@@H]1O[C@H](CO)[C@@H](O)[C@H]1O.[Mg+2],success,42,26,52.54,
188,Nc1nc2c(ncn2[C@@H]2O[C@H](CO)[C@@H](O)[C@H]2O)c(=O)[nH]1.O=P(O)(O)O.O=P(O)(O)O.O=c1[nH]cnc2c1ncn2[C@@H]1O[C@H](CO)[C@@H](O)[C@H]1O,success,42,26,49.94,
189,CC(=O)Nc1ccc(C(=O)O)cc1.CC(=O)Nc1ccc(C(=O)O)cc1.CC(O)CN(C)C.CC(O)CN(C)C.O=c1[nH]cnc2c1ncn2[C@H]1O[C@@H](CO)[C@H](O)[C@@H]1O.O=c1[nH]cnc2c1ncn2[C@H]1O[C@@H](CO)[C@H](O)[C@@H]1O,success,42,26,99.38,
190,O=P(O)(O)O.O=P(O)(O)O.O=P(O)(O)O.O=P(O)(O)O.O=P(O)(O)O.O=P(O)(O)O.O=c1[nH]cnc2c1ncn2[C@@H]1O[C@H](CO)[C@@H](O)[C@H]1O,success,42,26,60.97,
191,O=c1[nH]cnc2c1ncn2[C@@H]1O[C@H](CO)[C@@H](O)[C@H]1O.[H-].[Na+],success,42,26,31.62,
192,O=c1[nH]cnc2c1ncn2[C@@H]1O[C@H](CO)C(O)C1O.[H-].[Na+],success,42,26,27.93,
193,O=c1[nH]cnc2c1ncn2[C@@H]1O[C@H](CO)[C@@H](O)[C@H]1O.[H-].[H-].[Na+].[Na+],success,42,26,26.69,
194,O=c1[nH]cnc2c1ncn2[C@@H]1O[C@H](CO)C(O)C1O.[H-].[H-].[Na+].[Na+],success,42,26,34.16,
195,O=P(O)(O)O.O=c1[nH]c(=O)c2[nH]cnc2[nH]1.O=c1[nH]cnc2c1ncn2[C@@H]1O[C@H](CO)[C@@H](O)[C@H]1O.O=c1[nH]cnc2nc[nH]c12,success,42,26,50.85,
196,CC(=O)Nc1ccc(C(=O)O)cc1.CC(O)CN(C)C.CC1=C(/C=C/C(C)=C/C=C/C(C)=C/C(=O)O)C(C)(C)CCC1.O=c1[nH]cnc2c1ncn2[C@H]1O[C@@H](CO)[C@H](O)[C@@H]1O,success,42,26,78.07,
197,Nc1ncnc2c1ncn2[C@@H]1O[C@H](CO)[C@@H](O)[C@H]1O.Nc1ncnc2c1ncn2[C@@H]1O[C@H](COP(=O)(O)O)[C@@H](O)[C@H]1O.O=c1[nH]c(=O)c2[nH]c(=O)[nH]c2[nH]1.O=c1[nH]c(=O)c2[nH]cnc2[nH]1.O=c1[nH]cnc2c1ncn2[C@@H]1O[C@H](CO)[C@@H](O)[C@H]1O.O=c1[nH]cnc2nc[nH]c12,success,42,26,82.66,
198,O=c1[nH]cnc2c1ncn2[C@@H]1O[C@H](CO)[C@@H](O)[C@H]1O.[Ca+2].[H-].[H-],success,42,26,37.77,
199,O=P([O-])([O-])O.O=c1[nH]cnc2c1ncn2[C@@H]1O[C@H](CO)[C@@H](O)[C@H]1O.[Na+].[Na+],success,42,26,36.85,
200,Nc1nc2c(ncn2[C@@H]2O[C@H](CO)[C@@H](O)[C@H]2O)c(=O)[nH]1.Nc1ncnc2c1ncn2[C@@H]1O[C@H](CO)[C@@H](O)[C@H]1O.Nc1ncnc2c1ncn2[C@@H]1O[C@H](CO)[C@@H](O)[C@H]1O.O=c1[nH]cnc2c1ncn2[C@@H]1O[C@H](CO)[C@@H](O)[C@H]1O.O=c1[nH]cnc2c1ncn2[C@@H]1O[C@H](CO)[C@@H](O)[C@H]1O,success,42,26,71.47,
201,Nc1nc2c(ncn2[C@@H]2O[C@H](CO)[C@@H](O)[C@H]2O)c(=O)[nH]1.Nc1nc2nc[nH]c2c(=O)[nH]1.Nc1ncnc2c1ncn2[C@@H]1O[C@H](CO)[C@@H](O)[C@H]1O.Nc1ncnc2nc[nH]c12.O=c1[nH]c(=O)c2[nH]cnc2[nH]1.O=c1[nH]cnc2c1ncn2[C@@H]1O[C@H](CO)[C@@H](O)[C@H]1O,success,42,26,53.79,
202,NCCc1ccc(O)c(O)c1.NC[C@H](O)c1ccc(O)c(O)c1.N[C@@H](Cc1ccc(O)c(O)c1)C(=O)O.Nc1nc2c(ncn2[C@@H]2O[C@@H]3COP(=O)(O)O[C@H]3[C@H]2O)c(=O)[nH]1.Nc1ncnc2c1ncn2[C@@H]1O[C@@H]2COP(=O)(O)O[C@H]2[C@H]1O.Nc1ncnc2c1ncn2[C@@H]1O[C@H](CO)[C@@H](O)[C@H]1O.O=c1[nH]cnc2c1ncn2[C@@H]1O[C@H](CO)[C@@H](O)[C@H]1O.OC1C(O)C(O)C(O)C(O)C1O,success,42,26,195.03,
203,CC(C)S(=O)(=O)n1c(N)nc2ccc(/C(=N/O)c3ccccc3)cc21.CCN(CC)C(=S)[S-].CCc1cn([C@H]2C[C@H](O)[C@@H](CO)O2)c(=O)[nH]c1=O.Clc1ccccc1C1(Cl)CCc2ccccc2O1.Nc1nc(=O)n([C@@H]2O[C@H](CO)[C@@H](O)[C@@H]2F)cc1I.Nc1ncc2ncn(COCCO)c2n1.O=c1[nH]cnc2c1ncn2[C@@H]1O[C@H](CO)[C@@H](O)[C@H]1O.O=c1[nH]cnc2c1ncn2[C@H]1CC[C@@H](CO)O1.OC[C@H]1OC(O)C[C@@H](O)[C@@H]1O.[Na+],success,42,26,118.48,
204,Nc1ccn([C@@H]2O[C@H](CO)[C@@H](O)[C@H]2O)c(=O)n1.Nc1nc2c(ncn2[C@@H]2O[C@H](CO)[C@@H](O)[C@H]2O)c(=O)[nH]1.Nc1ncnc2c1ncn2[C@@H]1O[C@H](CO)[C@@H](O)[C@H]1O.O=c1[nH]cnc2c1ncn2[C@@H]1O[C@H](CO)[C@@H](O)[C@H]1O.O=c1ccn([C@@H]2O[C@H](CO)[C@@H](O)[C@H]2O)c(=O)[nH]1,success,42,26,52.4,
205,C[C@]12CCC(=O)C=C1CC[C@@H]1[C@@H]2[C@@H](O)C[C@@]2(C)[C@H]1CC[C@]2(O)C(=O)CO.NC(CCO)C(=O)O.O=C(O)C1CCCN1O.O=P(O)(O)O.O=c1[nH]cnc2c1ncn2[C@@H]1O[C@H](CO)[C@@H](O)[C@H]1O.OC1C(O)C(O)C(O)C(O)C1O.OC1C(O)C(O)C(O)C(O)C1O.c1ccc2[nH]ccc2c1,success,42,26,168.35,
206,Clc1ncnc2nc[nH]c12.O=C1CCCN1.O=C1CCCN1.O=c1[nH]cnc2c1ncn2[C@@H]1O[C@H](CO)[C@@H](O)[C@H]1O,success,42,26,33.73,
207,O=P([O-])([O-])O.O=c1[nH]cnc2c1ncn2[C@@H]1O[C@H](CO)[C@@H](O)[C@H]1O.[Ag+].[Ag+],success,42,26,41.02,
208,O=P(O)(O)O.O=c1[nH]cnc2c1ncn2[C@@H]1O[C@H](CO)[C@@H](O)[C@H]1O.[Ag].[Ag],success,42,26,46.23,
209,Nc1nc2c(ncn2[C@@H]2O[C@H](CO)[C@@H](O)[C@H]2O)c(=O)[nH]1.Nc1nc2c(ncn2[C@@H]2O[C@H](COP(=O)(O)O)[C@@H](O)[C@H]2O)c(=O)[nH]1.Nc1ncnc2c1ncn2[C@@H]1O[C@H](CO)[C@@H](O)[C@H]1O.Nc1ncnc2c1ncn2[C@@H]1O[C@H](COP(=O)(O)O)[C@@H](O)[C@H]1O.O=c1[nH]cnc2c1ncn2[C@@H]1O[C@H](CO)[C@@H](O)[C@H]1O.O=c1ccn([C@@H]2O[C@H](CO)[C@@H](O)[C@H]2O)c(=O)[nH]1,success,42,26,94.99,
210,O=P(O)(O)O.O=c1[nH]cnc2c1ncn2[C@@H]1O[C@H](CO)[C@@H](O)[C@H]1O.[H-].[H-].[Na+].[Na+],success,42,26,33.76,
211,CN1[C@@H]2CCC[C@H]1CC(NC(=O)c1nn(C)c3ccccc13)C2.COc1ccnc(CS(=O)c2nc3ccc(OC(F)F)cc3[nH]2)c1OC.O=P(O)(O)O.O=c1[nH]cnc2c1ncn2[C@@H]1O[C@H](CO)[C@@H](O)[C@H]1O,success,42,26,78.68,
212,O=P(O)(O)O.O=c1[nH]c2ccccc2n1C1CCN(CCCC(c2ccc(F)cc2)c2ccc(F)cc2)CC1.O=c1[nH]cnc2c1ncn2[C@@H]1O[C@H](CO)[C@@H](O)[C@H]1O,success,42,26,64.78,
213,C[C@H]1c2cccc(O)c2C(O)=C2C(=O)[C@]3(O)C(O)=C(C(N)=O)C(=O)[C@@H](N(C)C)[C@@H]3[C@@H](O)[C@@H]21.O.O=P(O)(O)O.O=c1[nH]cc(F)c(=O)[nH]1.O=c1[nH]cnc2c1ncn2[C@@H]1O[C@H](CO)[C@@H](O)[C@H]1O,success,42,26,69.58,
214,CN(C)CCOC(c1ccccc1)c1ccccc1.Fc1ccc(C(c2ccc(F)cc2)N2CCN(C/C=C/c3ccccc3)CC2)cc1.O=P(O)(O)O.O=c1[nH]cnc2c1ncn2[C@@H]1O[C@H](CO)[C@@H](O)[C@H]1O,success,42,26,66.38,
215,Nc1ncc2[nH]cnc2n1.O=c1[nH]cnc2c1ncn2[C@@H]1O[C@H](CO)[C@@H](O)[C@H]1O.OC[C@H]1O[C@@H](n2cnc3cncnc32)[C@H](O)[C@@H]1O,success,42,26,32.27,
216,Nc1ncnc2c1ncn2[C@@H]1O[C@H](CO)[C@@H](O)[C@H]1O.O=P(O)(O)O.O=P(O)(O)O.O=P(O)(O)O.O=c1[nH]c(=O)c2ncn([C@@H]3O[C@H](CO)[C@@H](O)[C@H]3O)c2[nH]1.O=c1[nH]cnc2c1ncn2[C@@H]1O[C@H](CO)[C@@H](O)[C@H]1O,success,42,26,79.52,
217,CC(=O)Nc1ccc(C(=O)O)cc1.CC(O)CN(C)C.O=C1CCC(N2C(=O)c3ccccc3C2=O)C(=O)N1.O=c1[nH]cnc2c1ncn2[C@H]1O[C@@H](CO)[C@H](O)[C@@H]1O,success,42,26,101.5,
218,O=P([O-])([O-])OP(=O)(O)O.O=c1[nH]cnc2c1ncn2[C@@H]1O[C@H](CO)[C@@H](O)[C@H]1O.[Na+].[Na+],success,42,26,34.75,
219,CN(Cc1cnc2nc(N)nc(N)c2n1)c1ccc(C(=O)N[C@@H](CCC(=O)O)C(=O)O)cc1.O=c1[nH]cnc2c1ncn2[C@@H]1O[C@H](CO)[C@@H](O)[C@H]1O,success,42,26,83.51,
220,CC(C)(C)NC(=O)[C@@H]1CN(Cc2cccnc2)CCN1C[C@@H](O)C[C@@H](Cc1ccccc1)C(=O)N[C@H]1c2ccccc2C[C@H]1O.O=c1[nH]cnc2c1ncn2[C@@H]1O[C@H](CO)[C@@H](O)[C@H]1O,success,42,26,107.53,
221,Nc1nc2c(ncn2[C@@H]2O[C@H](CO)[C@@H](O)[C@H]2O)c(=O)[nH]1.O=c1[nH]cnc2c1ncn2[C@@H]1O[C@H](CO)[C@@H](O)[C@H]1O.O=c1ccn([C@@H]2O[C@H](CO)[C@@H](O)[C@H]2O)c(=O)[nH]1,success,42,26,35.34,
222,Nc1ncnc2c1ncn2[C@@H]1O[C@H](CO)[C@@H](O)[C@H]1O.O=c1[nH]c(=O)c2ncn([C@@H]3O[C@H](CO)[C@@H](O)[C@H]3O)c2[nH]1.O=c1[nH]cnc2c1ncn2[C@@H]1O[C@H](CO)[C@@H](O)[C@H]1O,success,42,26,67.25,
223,O=C(CO)C(O)C(O)C(O)CO.O=c1[nH]cnc2c1ncn2[C@@H]1O[C@H](CO)[C@@H](O)[C@H]1O.[Cl-].[Na+],success,42,26,44.16,
224,O=CC(O)C(O)C(O)C(O)CO.O=c1[nH]cnc2c1ncn2[C@@H]1O[C@H](CO)[C@@H](O)[C@H]1O,success,42,26,38.49,
225,CC(=O)Nc1cc([As](=O)(O)O)ccc1O.O=c1[nH]cnc2c1ncn2[C@@H]1O[C@H](CO)[C@@H](O)[C@H]1O,success,42,26,48.9,
226,O=c1[nH]cnc2c1ncn2[C@@H]1O[C@H](CO)[C@@H](O)[C@H]1O.OCC(O)C(O)C(O)CO,success,42,26,31.07,
227,O=C(CO)C(O)C(O)C(O)CO.O=c1[nH]cnc2c1ncn2[C@@H]1O[C@H](CO)[C@@H](O)[C@H]1O,success,42,26,51.41,
228,O=C(CO)C(O)C(O)C(O)CO.O=CC(O)C(O)C(O)C(O)CO.O=c1[nH]cnc2c1ncn2[C@@H]1O[C@H](CO)[C@@H](O)[C@H]1O,success,42,26,48.62,
229,O=P(O)(O)OP(=O)(O)OP(=O)(O)O.O=c1[nH]cnc2c1ncn2[C@@H]1O[C@H](CO)[C@@H](O)[C@H]1O,success,42,26,44.35,
230,F.O=c1[nH]cnc2c1ncn2[C@@H]1O[C@H](CO)[C@@H](O)[C@H]1O,success,42,26,34.09,
231,O=[N+]([O-])c1ccccc1.O=c1[nH]cnc2c1ncn2[C@@H]1O[C@H](CO)[C@@H](O)[C@H]1O.S.c1ncc2[nH]cnc2n1,success,42,26,31.73,
232,O=CC(O)C(O)C(O)CO.O=c1[nH]cnc2c1ncn2[C@@H]1O[C@H](CO)[C@@H](O)[C@H]1O,success,42,26,37.56,
233,O=c1[nH]cnc2c1ncn2[C@@H]1O[C@H](CO)[C@@H](O)[C@H]1O.[Cl-].[Na+],success,42,26,25.99,
234,O=CCO.O=c1[nH]cnc2c1ncn2[C@@H]1O[C@H](CO)[C@@H](O)[C@H]1O,success,495,477,207.18,
235,O=c1[nH]cnc2c1ncn2[C@@H]1O[C@H](CO)[C@@H](O)[C@H]1O.c1cncnc1,success,42,26,41.86,
236,Nc1ncnc2c1ncn2[C@@H]1O[C@H](COP(=O)(O)OP(=O)(O)O)[C@@H](O)[C@H]1O.O=c1[nH]cnc2c1ncn2[C@@H]1O[C@H](CO)[C@@H](O)[C@H]1O,success,42,26,61.01,
237,Nc1nc2c(ncn2[C@@H]2O[C@H](CO)[C@@H](O)[C@H]2O)c(=O)[nH]1.O=c1[nH]cnc2c1ncn2[C@@H]1O[C@H](CO)[C@@H](O)[C@H]1O.c1ncc2[nH]cnc2n1,success,42,26,37.47,
238,O=P([O-])([O-])OP(=O)([O-])OP(=O)([O-])OP(=O)([O-])[O-].O=c1[nH]cnc2c1ncn2[C@@H]1O[C@H](CO)[C@@H](O)[C@H]1O.[Na+].[Na+].[Na+].[Na+].[Na+].[Na+],success,42,26,38.79,
239,Nc1ncnc2c1ncn2[C@@H]1O[C@H](CO)[C@@H](O)[C@H]1O.O=c1[nH]c(=O)c2[nH]c(=O)[nH]c2[nH]1.O=c1[nH]c(=O)c2ncn([C@@H]3O[C@H](CO)[C@@H](O)[C@H]3O)c2[nH]1.O=c1[nH]cnc2c1ncn2[C@@H]1O[C@H](CO)[C@@H](O)[C@H]1O,success,42,26,47.36,
240,O=c1[nH]cnc2c1ncn2[C@@H]1O[C@H](CO)[C@@H](O)[C@H]1O.OP(O)O,success,52,36,47.62,
241,O=c1[nH]cnc2c1ncn2[C@@H]1O[C@H](CO)[C@@H](O)[C@H]1O.c1conn1,success,42,26,26.61,
242,NC(=O)c1[nH]cnc1N.O=c1[nH]cnc2c1ncn2[C@@H]1O[C@H](CO)[C@@H](O)[C@H]1O,success,42,26,56.38,
243,C1=Cc2ccccc2C1.O=c1[nH]cnc2c1ncn2[C@@H]1O[C@H](CO)[C@@H](O)[C@H]1O,success,42,26,32.82,
244,CCCN.O=c1[nH]cnc2c1ncn2[C@@H]1O[C@H](CO)[C@@H](O)[C@H]1O,success,106,90,51.31,
245,CC(O)C(O)C(O)C(O)C=O.O=c1[nH]cnc2c1ncn2[C@@H]1O[C@H](CO)[C@@H](O)[C@H]1O,success,42,26,41.04,
246,COc1cc([C@@H]2c3cc4c(cc3[C@H](O)[C@H]3COC(=O)[C@H]23)OCO4)cc(OC)c1OC.Nc1nc2c(ncn2CCC(CO)CO)c(=O)[nH]1.O=c1[nH]cnc2c1ncn2[C@@H]1O[C@H](CO)[C@@H](O)[C@H]1O,success,42,26,52.89,
247,O=c1[nH]c(=O)c2[nH]c(=O)[nH]c2[nH]1.O=c1[nH]cnc2c1ncn2[C@@H]1O[C@H](CO)[C@@H](O)[C@H]1O,success,42,26,44.75,
248,O=C(O)[C@@H]1CCCN1.O=c1[nH]cnc2c1ncn2[C@@H]1O[C@H](CO)[C@@H](O)[C@H]1O,success,291,275,238.38,
249,O=CCC(O)C(O)CO.O=c1[nH]cnc2c1ncn2[C@@H]1O[C@H](CO)[C@@H](O)[C@H]1O,success,42,26,37.15,
250,O=[N+]([O-])c1ccc2c(c1)CCN2.O=c1[nH]cnc2c1ncn2[C@@H]1O[C@H](CO)[C@@H](O)[C@H]1O,success,42,26,30.98,
251,Cc1cn([C@H]2C[C@H](O)[C@@H](CO)O2)c(=O)[nH]c1=O.O=c1[nH]c(=O)c2[nH]cnc2[nH]1.O=c1[nH]cnc2c1ncn2[C@@H]1O[C@H](CO)[C@@H](O)[C@H]1O.O=c1[nH]cnc2nc[nH]c12.O=c1cc[nH]c(=O)[nH]1.OC[C@H]1O[C@@H](n2cnc3cncnc32)[C@H](O)[C@@H]1O,success,42,26,47.1,
252,Nc1nc2c(ncn2[C@@H]2O[C@H](CO)[C@@H](O)[C@H]2O)c(=O)[nH]1.Nc1ncnc2c1ncn2[C@@H]1O[C@H](CO)[C@@H](O)[C@H]1O.O=P([O-])([O-])[O-].O=c1[nH]cnc2c1ncn2[C@@H]1O[C@H](CO)[C@@H](O)[C@H]1O.[K+].[K+].[K+],success,42,26,53.52,
253,NP(N)(N)=O.O=c1[nH]cnc2c1ncn2[C@@H]1O[C@H](CO)[C@@H](O)[C@H]1O,success,42,26,26.56,
254,O=c1[nH]cnc2c1ncn2[C@@H]1O[C@H](CO)[C@@H](O)[C@H]1O.c1ccc(-c2ccc(-c3ccccc3)cc2)cc1,success,42,26,37.12,
255,FOF.O=c1[nH]cnc2c1ncn2[C@@H]1O[C@H](CO)[C@@H](O)[C@H]1O,success,42,26,26.04,
256,Nc1ncnc2c1ncn2[C@@H]1O[C@H](COP(=O)(O)O)[C@@H](O)[C@H]1O.Nc1ncnc2c1ncn2[C@@H]1O[C@H](COP(=O)(O)OP(=O)(O)O)[C@@H](O)[C@H]1O.Nc1ncnc2c1ncn2[C@@H]1O[C@H](COP(=O)(O)OP(=O)(O)OP(=O)(O)O)[C@@H](O)[C@H]1O.O=c1[nH]cnc2c1ncn2[C@@H]1O[C@H](CO)[C@@H](O)[C@H]1O.O=c1[nH]cnc2nc[nH]c12,success,42,26,120.06,
257,O=c1[nH]cnc2c1ncn2[C@@H]1O[C@H](CO)[C@@H](O)[C@H]1O.S,success,42,26,39.46,
258,O=P([O-])([O-])[O-].O=c1[nH]cnc2c1ncn2[C@@H]1O[C@H](CO)[C@@H](O)[C@H]1O.[K+].[K+].[K+],success,42,26,45.37,
259,O=c1[nH]cnc2c1ncn2[C@@H]1O[C@H](CO)[C@@H](O)[C@H]1O.S=c1nc[nH]c2nc[nH]c12,success,42,26,28.24,
260,O=c1[nH]cnc2c1ncn2[C@@H]1O[C@H](CO)[C@@H](O)[C@H]1O.c1ccc(-c2cccc(-c3ccccc3)c2)cc1,success,42,26,29.87,
261,O=CC=O.O=c1[nH]cnc2c1ncn2[C@@H]1O[C@H](CO)[C@@H](O)[C@H]1O,success,226,209,110.51,
262,O=P([O-])([O-])OP(=O)([O-])OP(=O)(O)O.O=c1[nH]cnc2c1ncn2[C@@H]1O[C@H](CO)[C@@H](O)[C@H]1O.[Na+].[Na+].[Na+],success,42,26,40.12,
263,CC1(N)N=C2N([C@@H]3O[C@H](CO)[C@@H](O)[C@H]3O)C=NC2(C)C(=O)N1.O=c1[nH]cnc2c1ncn2[C@@H]1O[C@H](CO)[C@@H](O)[C@H]1O,success,42,26,30.66,
264,O=c1[nH]cnc2c1ncn2[C@H]1O[C@H](CO)C(O)C1O,success,302,283,253.53,
265,O=C(C=Cc1ccccc1)c1ccccc1.O=c1[nH]cnc2c1ncn2[C@@H]1O[C@H](CO)[C@@H](O)[C@H]1O,success,42,26,47.53,
266,CC(N)C(=O)O.O=CC(O)C(O)C(O)C(O)CO.O=c1[nH]cnc2c1ncn2[C@@H]1O[C@H](CO)[C@@H](O)[C@H]1O,success,42,26,60.46,
267,[2H]C(O)[C@H]1O[C@@H](n2cnc3c(=O)[nH]cnc32)[C@H](O)[C@@H]1O,success,271,252,220.53,
268,O=c1[nH]cnc2c1ncn2[C@@H]1O[C@H](CO)[C@@H](O)[C@H]1O.[Pb],success,42,26,35.75,
269,O=P(O)(O)OP(=O)(O)OP(=O)(O)OP(=O)(O)OP(=O)(O)O.O=c1[nH]cnc2c1ncn2[C@@H]1O[C@H](CO)[C@@H](O)[C@H]1O.O=c1[nH]cnc2c1ncn2[C@@H]1O[C@H](CO)[C@@H](O)[C@H]1O,success,42,26,51.91,
270,O=P(O)(O)OP(=O)(O)O.O=c1[nH]cnc2c1ncn2[C@@H]1O[C@H](CO)[C@@H](O)[C@H]1O.O=c1[nH]cnc2c1ncn2[C@@H]1O[C@H](CO)[C@@H](O)[C@H]1O,success,42,26,47.72,
271,O=c1[nH]cnc2c1ncn2[C@@H]1O[C@H](CO)[C@@H](O)[C@H]1O.[Hg],success,42,26,26.27,
272,CCCCCCCC/C=C\CCCCCCCC(=O)n1c[n+]([C@@H]2O[C@H](CO)[C@@H](O)[C@H]2O)c2nc[nH]c(=O)c21,success,42,26,50.81,
273,O=P(O)(O)O.O=c1[nH]cnc2c1ncn2[C@@H]1O[C@H](CO)[C@@H](O)[C@H]1O.O=c1[nH]cnc2c1ncn2[C@@H]1O[C@H](CO)[C@@H](O)[C@H]1O.O=c1[nH]cnc2c1ncn2[C@@H]1O[C@H](CO)[C@@H](O)[C@H]1O,success,42,26,45.55,
274,O=P(O)(O)OP(=O)(O)OP(=O)(O)OP(=O)(O)OP(=O)(O)O.[2H]C(O)[C@H]1O[C@@H](n2cnc3c(=O)[nH]cnc32)[C@H](O)[C@@H]1O.[2H]C(O)[C@H]1O[C@@H](n2cnc3c(=O)[nH]cnc32)[C@H](O)[C@@H]1O,success,42,26,51.31,
275,[2H][C@@]1(n2cnc3c(=O)[nH]cnc32)O[C@H](CO)[C@@H](O)[C@@]1([2H])O,success,251,232,223.18,
276,O=c1[nH]cnc2c1ncn2[C@@H]1O[C@H](CO)[C@@H](O)[C@H]1O.[K],success,42,26,27.57,
277,O=C([O-])n1c[n+]([C@@H]2O[C@H](CO)[C@@H](O)[C@H]2O)c2nc[nH]c(=O)c21,success,618,599,423.11,
278,C[N+](C)(C)CCOP(=O)([O-])O.O=c1[nH]cnc2c1ncn2[C@@H]1O[C@H](CO)[C@@H](O)[C@H]1O,success,186,168,193.75,
279,O=c1[nH]cnc2c1n(Cc1ccccc1)c[n+]2[C@@H]1O[C@H](CO)[C@@H](O)[C@H]1O,success,135,119,80.51,
280,C=C=Nc1ncnc2nc[nH]c12.O=c1[nH]cnc2c1ncn2[C@@H]1O[C@H](CO)[C@@H](O)[C@H]1O,success,42,26,30.38,
281,Cc1cn([C@H]2C[C@H](O)[C@@H](CO)O2)c(=O)[nH]c1=O.Nc1ccn([C@@H]2O[C@H](CO)[C@@H](O)[C@H]2O)c(=O)n1.Nc1nc2c(ncn2[C@@H]2O[C@H](COP(=O)(O)O)[C@@H](O)[C@H]2O)c(=O)[nH]1.O=c1[nH]cnc2c1ncn2[C@@H]1O[C@H](CO)[C@@H](O)[C@H]1O.O=c1ccn([C@@H]2O[C@H](CO)[C@@H](O)[C@H]2O)c(=O)[nH]1.[Na].[Na],success,42,26,71.66,
282,NC(=O)c1ccc[n+]([C@@H]2O[C@H](COP(=O)([O-])OP(=O)(O)OC[C@H]3O[C@@H](n4cnc5c(N)ncnc54)[C@H](O)[C@@H]3O)[C@@H](O)[C@H]2O)c1.O=c1[nH]cnc2c1ncn2[C@@H]1O[C@H](CO)[C@@H](O)[C@H]1O,success,42,26,182.73,
283,O=c1[nH]cnc2c1ncn2[C@@H]1O[C@H](CO)[C@@H](O)[C@H]1O.O=c1[nH]cnc2c1ncn2[C@@H]1O[C@H](COP(=O)(O)O)[C@@H](O)[C@H]1O.[Na],success,42,26,41.03,
284,Cc1cn([C@H]2C[C@H](O)[C@@H](CO)O2)c(=O)[nH]c1=O.Nc1ccn([C@H]2C[C@H](O)[C@@H](CO)O2)c(=O)n1.Nc1nc2c(ncn2[C@@H]2O[C@H](COP(=O)(O)O)[C@@H](O)[C@H]2O)c(=O)[nH]1.O=c1[nH]cnc2c1ncn2[C@@H]1O[C@H](CO)[C@@H](O)[C@H]1O,success,42,26,60.98,
285,N[C@@H](CCC(=O)N[C@@H](CSSC[C@H](NC(=O)CC[C@H](N)C(=O)O)C(=O)NCC(=O)O)C(=O)NCC(=O)O)C(=O)O.O=c1[nH]cnc2c1ncn2[C@@H]1O[C@H](CO)[C@@H](O)[C@H]1O,success,42,26,97.15,
286,NC(CCC(=O)NC(CSSCC(NC(=O)CCC(N)C(=O)O)C(=O)NCC(=O)O)C(=O)NCC(=O)O)C(=O)O.O=c1[nH]cnc2c1ncn2[C@H]1O[C@@H](CO)[C@H](O)[C@@H]1O.O=c1ccn([C@H]2O[C@@H](CO)[C@H](O)[C@@H]2O)c(=O)[nH]1,success,42,26,119.5,
287,CC(=O)Nc1ccc(C(=O)O)cc1.CC(O)CN(C)C.O=c1[nH]cnc2c1ncn2C1O[C@H](CO)[C@@H](O)[C@H]1O,success,42,26,61.67,
288,Cl[Pt]Cl.[H]/[O+]=c1\[nH]cnc2c1ncn2C1OC(CO)C(O)C1O.[H]/[O+]=c1\[nH]cnc2c1ncn2C1OC(CO)C(O)C1O,success,42,26,31.51,
289,N.N.O=NO.O=c1[nH]cnc2c1ncn2[C@@H]1O[C@H](CO)[C@@H](O)[C@H]1O.[Cl-].[Cl-].[Pt+4],success,42,26,38.15,
290,NC(CCC(=O)NC(CSSCC(NC(=O)CCC(N)C(=O)O)C(=O)NCC(=O)O)C(=O)NCC(=O)O)C(=O)O.O=c1[nH]cnc2c1ncn2C1O[C@@H](CO)[C@H](O)[C@@H]1O,success,42,26,112.21,
291,CCCC(=O)O.NC(N)=NCCCC(N)C(=O)O.O=c1[nH]cnc2c1ncn2[C@@H]1O[C@H](CO)[C@@H](O)[C@H]1O,success,42,26,74.13,
292,[Ag].[H]/[O+]=c1\[nH]cnc2c1ncn2C1OC(CO)C(O)C1O,success,42,26,27.76,
293,O=c1[nH]cnc2c1ncn2[C@@H]1O[C@H](CO)[C@@H](O)[C@H]1O.O=c1[nH]cnc2c1ncn2[C@@H]1O[C@H](CO)[C@@H](O)[C@H]1O.[Cl-].[Cl-].[Pt+2],success,42,26,30.32,
294,O=c1[nH][13cH]nc2c1ncn2[C@@H]1O[C@H](CO)[C@@H](O)[C@H]1O,success,300,281,245.45,
295,O=c1[nH]cnc2c1ncn2[C@H]1O[C@@H](CO)[C@@H](O)[C@H]1O,success,300,281,223.13,
296,O=c1[nH]cnc2c1ncn2[C@@H]1O[C@@H](CO)[C@@H](O)[C@H]1O,success,300,281,226.71,
297,O=c1[nH]cnc2c1ncn2[C@@H]1O[C@@H](CO)[C@@H](O)[C@@H]1O,success,300,281,232.22,
298,CC(=O)Nc1ccc(C(=O)O)cc1.CC(O)CN(C)C.CC(O)CN(C)C.CC(O)CN(C)C.O=c1[nH]cnc2c1ncn2[C@@H]1O[C@H](CO)[C@@H](O)[C@H]1O,success,42,26,68.67,
299,O=P(O)(O)O.O=P(O)(O)O.O=P(O)(O)O.O=P(O)(O)O.O=c1[nH]cnc2c1ncn2[C@@H]1O[C@H](CO)[C@@H](O)[C@H]1O.O=c1[nH]cnc2c1ncn2[C@@H]1O[C@H](CO)[C@@H](O)[C@H]1O,success,42,26,47.65,
300,O=c1[nH]cnc2c1ncn2[C@H]1O[C@@H](CO)[C@@H](O)[C@@H]1O,success,300,281,225.32,
301,O=c1[nH]cnc2c1ncn2C1OC(CO)C(O)C1O.[Ag],success,42,26,37.11,
302,N[C@@H](CSSC[C@H](N)C(=O)O)C(=O)O.O=c1[nH]cnc2c1ncn2[C@@H]1O[C@H](CO)[C@@H](O)[C@H]1O,success,42,26,59.56,
303,O=c1[nH]cnc2c1ncn2C1OC(CO)C(O)C1O.[H+],success,303,284,234.76,
304,N[C@@H](CCC(=O)N[C@@H](CSSC[C@H](NC(=O)CC[C@H](N)C(=O)O)C(=O)NCC(=O)O)C(=O)NCC(=O)[O-])C(=O)O.O=c1[nH]cnc2c1ncn2[C@@H]1O[C@H](CO)[C@@H](O)[C@H]1O.[Na+],success,42,26,99.41,
305,O=c1[nH]cnc2c1ncn2[C@@H]1O[C@H](CO)[C@@H](O)[C@H]1O.[Zn+2],success,42,26,39.42,
306,O=c1[nH]cnc2c1ncn2[C@@H]1O[C@H](CO)[C@@H](O)[C@H]1O.[Fe+2],success,42,26,40.54,
307,O=c1[nH]cnc2c1ncn2[C@@H]1O[C@H](CO)[C@@H](O)[C@H]1O.[Fe+3],success,42,26,41.74,
308,O=c1[nH]cnc2c1ncn2[C@@H]1O[C@H](CO)[C@@H](O)[C@H]1O.[Ca+2],success,42,26,25.52,
309,O=c1[nH]cnc2c1ncn2[C@@H]1O[C@H](CO)[C@@H](O)[C@H]1O.[Mn+2],success,42,26,25.67,
310,O=c1[nH]cnc2c1ncn2[C@@H]1O[C@H](CO)[C@@H](O)[C@H]1O.[Mg+2],success,42,26,25.52,
311,CC(=O)Nc1ccc(C(=O)O)cc1.CC(O)CN(C)C.Cc1cn(C2CC(N=[N+]=[N-])C(CO)O2)c(=O)[nH]c1=O.O=c1[nH]cnc2c1ncn2C1OC(CO)C(O)C1O,success,42,26,91.31,
312,O=c1[nH]cnc2c1ncn2[C@H]1O[C@@H](CO)[C@H](O)[C@H]1O,success,300,281,219.32,
313,CC(=O)Nc1ccc(C(=O)O)cc1.CC(=O)Nc1ccc(C(=O)O)cc1.CC(=O)Nc1ccc(C(=O)O)cc1.CC(O)CN(C)C.CC(O)CN(C)C.CC(O)CN(C)C.O=c1[nH]cnc2c1ncn2[C@@H]1OC(CO)[C@@H](O)[C@H]1O,success,42,26,95.9,
314,O=c1[nH]cnc2c1ncn2[C@@H]1OC(CO)[C@@H](O)[C@H]1O,success,300,281,219.86,
315,O=c1[nH]cnc2c1ncn2[C@@H]1OC(CO)C(O)C1O,success,302,283,232.2,
316,Nc1ncnc2c1ncn2[C@@H]1O[C@H](COP(=O)(O)OP(=O)(O)O)[C@@H]([O-])[C@@H]1O.O=c1[nH]cnc2c1ncn2[C@@H]1O[C@@H](COP(=O)(O)OP(=O)(O)OP(=O)(O)O)[C@@H](O)[C@H]1O.O=c1[nH]cnc2c1ncn2[C@@H]1O[C@H](CO)[C@H](O)[C@H]1O.O=c1ccn([C@@H]2O[C@@H](COP(=O)(O)OP(=O)(O)OP(=O)(O)O)[C@@H](O)[C@H]2O)c(=O)[nH]1.[Na+],success,42,26,116.5,
317,Cl[Pt]Cl.O=c1[nH]cnc2c1[nH]c[n+]2C1OC(CO)C(O)C1O.O=c1[nH]cnc2c1[nH]c[n+]2C1OC(CO)C(O)C1O,success,42,26,29.95,
318,O=c1[nH]cnc2c1[nH]c[n+]2C1OC(CO)C(O)C1O.[Ag],success,42,26,32.92,
319,Cl[Pt]Cl.O=c1[nH]cnc2c1ncn2C1OC(CO)C(O)C1O.O=c1[nH]cnc2c1ncn2C1OC(CO)C(O)C1O,success,42,26,29.59,
320,O=c1[nH]cnc2c1ncn2C1OC(CO)C(O)C1O.O=c1[nH]cnc2c1ncn2C1OC(CO)C(O)C1O.[NH2-].[NH2-].[Pt+2],success,42,26,29.71,
321,O=c1[nH]cnc2c1ncn2C1OC(CO)C(O)C1O.[Ag],success,42,26,26.24,
322,O=c1[nH]cnc2c1ncn2C1OC(CO)C(O)C1O.[NH2-].[NH2-].[NH2-].[NH2-].[NH2-].[Ru+5],success,42,26,26.52,
323,O=c1[nH]cnc2c1ncn2[C@@H]1O[C@H](CO)[C@@H](O)[C@H]1O.[Na+].[Na+],success,42,26,25.92,
324,O=c1[nH]cnc2c1ncn2[C@@H]1O[C@@H](CO)[C@H](O)[C@H]1O,success,300,281,214.77,
325,O=c1[nH]cn[13c]2[13c]1[15n]cn2[C@@H]1O[C@H](CO)C(O)[C@@H]1O,success,301,282,216.65,
326,O=c1[nH]cnc2c1ncn2[C@H]1O[C@@H](CO)C(O)[C@H]1O,success,301,282,219.53,
327,O=c1[nH]cnc2c1ncn2[C@@H]1O[C@@H](CO)[C@H](O)[C@@H]1O,success,300,281,214.42,
328,O=c1[15nH][13cH]nc2c1ncn2[C@@H]1O[C@H](CO)[C@@H](O)[C@H]1O,success,300,281,214.57,
329,[2H]c1nc2c(nc([2H])n2[C@@H]2O[C@H](CO)[C@@H](O)[C@H]2O)c(=O)[nH]1,success,264,245,222.54,
330,CC(=O)Nc1ccc(C(=O)O)cc1.CC(=O)Nc1ccc(C(=O)O)cc1.CC(=O)Nc1ccc(C(=O)O)cc1.CC(O)CN(C)C.CC(O)CN(C)C.CC(O)CN(C)C.O=c1[nH]cnc2c1ncn2[C@@H]1O[C@H](CO)[C@H](O)[C@H]1O,success,42,26,97.82,
331,O.O.O.O.O=c1[nH]cnc2c1ncn2[C@@H]1O[C@H](CO)[C@@H](O)[C@H]1O,success,42,26,26.26,
332,CC(=O)Nc1ccc(C(=O)O)cc1.CC(=O)Nc1ccc(C(=O)O)cc1.CC(=O)Nc1ccc(C(=O)O)cc1.CC(O)CN(C)C.CC(O)CN(C)C.CC(O)CN(C)C.O=c1[nH]cnc2c1ncn2C1OC(CO)C(O)C1O,success,42,26,82.38,
333,CC(O)CN(C)C.CC(O)CN(C)C.CC(O)CN(C)C.O=c1[nH]cnc2c1ncn2[C@@H]1O[C@H](CO)[C@@H](O)[C@H]1O,success,42,26,37.08,
334,O=c1[nH]cnc2c1ncn2[C@@H]1O[C@H](CO)[C@@H](O)C1O,success,301,282,225.29,
335,O=c1[nH]cn[13c]2[13c]1[15n]cn2[C@H]1O[C@@H](CO)C(O)[C@H]1O,success,301,282,218.51,
336,NC(Cc1c[nH]c2ccc(O)cc12)C(=O)O.O=c1[nH]cnc2c1ncn2C1OC(CO)C(O)C1O,success,42,26,59.35,
337,O=c1[nH]cnc2c1ncn2[13C@@H]1O[C@H](CO)[C@@H](O)[C@H]1O,success,300,281,213.26,
338,O=c1[nH]cnc2c1ncn2[C@H]1O[C@@H](CO)[C@@H](O)C1O,success,301,282,213.93,
339,N[C@@H](Cc1c[nH]c2ccc(O)cc12)C(=O)O.O=c1[nH]cnc2c1ncn2[C@@H]1O[C@H](CO)[C@@H](O)[C@H]1O,success,42,26,53.1,
340,O=c1[nH]cnc2c1ncn2[13C@@H]1O[13C@H]([13CH2]O)[13C@H](O)[13CH]1O,success,278,259,211.41,
341,O=c1[nH]cnc2c1ncn2[13CH]1O[13CH]([13CH2]O)[13CH](O)[13CH]1O,success,277,258,198.97,
342,O=c1[nH]cnc2c1ncn2[C@H]1O[C@H](CO)[C@H](O)C1O,success,301,282,219.79,
343,C[C@@H](O)CN(C)C.C[C@@H](O)CN(C)C.C[C@@H](O)CN(C)C.O=c1[nH]cnc2c1ncn2[C@@H]1O[C@H](CO)[C@@H](O)[C@H]1O,success,42,26,33.02,
344,O=c1[nH]cnc2c1ncn2[C@@H]1O[C@H](CO)[C@@H](O)[C@H]1O.O=c1[nH]cnc2c1ncn2[C@@H]1O[C@H](CO)[C@@H](O)[C@H]1O.O=c1[nH]cnc2c1ncn2[C@@H]1O[C@H](CO)[C@@H](O)[C@H]1O.O=c1[nH]cnc2c1ncn2[C@@H]1O[C@H](CO)[C@@H](O)[C@H]1O,success,42,26,38.34,
345,CC(O)CN(C)C.CC(O)CN(C)C.CC(O)CN(C)C.O=c1[nH]cnc2c1ncn2C1OC(CO)C(O)C1O,success,42,26,32.76,
346,O=c1[nH]cnc2c1ncn2C1OC(CO)C(O)C1O.[Na],success,42,26,25.62,
347,O=[13c]1[nH]cn[13c]2[13c]1ncn2[C@@H]1O[C@H](CO)[C@H](O)C1O,success,301,282,213.49,
348,O=[13c]1[15nH][13cH][15n][13c]2[13c]1[15n][13cH][15n]2[13C@@H]1O[13C@H]([13CH2]O)[13CH](O)[13C@@H]1O,success,278,259,198.57,
349,CC(=O)Nc1ccc(C(=O)O)cc1.CC(O)CN(C)C.O=c1[nH]cnc2c1ncn2C1OC(CO)C(O)C1O,success,42,26,58.82,
350,O=c1[nH]cnc2c1ncn2[13C@@H]1O[13CH]([13CH2]O)[13CH](O)[13CH]1O,success,277,258,201.79,
351,O=c1[nH]cnc2c1ncn2[C@@H]1O[C@H](CO)C(O)[C@H]1O,success,301,282,208.44,
352,O=C(O)n1c[n+]([C@@H]2O[C@H](CO)[C@@H](O)[C@H]2O)c2nc[nH]c(=O)c21,success,836,817,529.41,
353,CC(=O)Nc1ccc(C(=O)O)cc1.CC(=O)Nc1ccc(C(=O)O)cc1.CC(=O)Nc1ccc(C(=O)O)cc1.CC(O)CN(C)C.CC(O)CN(C)C.CC(O)CN(C)C.O=c1[nH]cnc2c1ncn2C1O[C@H](CO)[C@@H](O)[C@H]1O,success,42,26,81.12,
