SMILES,Is_Starter,SourceDirectories
C1=NC2=C(C(=O)N1)N=CN2[C@H]3[C@@H]([C@@H]([C@H](O3)CO)O)O,True,InosineOnly
Nc1ncnc2c1ncn2[C@@H]1O[C@H](COP(=O)(O)OP(=O)(O)OP(=O)(O)O)[C@@H](O)[C@H]1O,False,InosineOnly
Nc1ncnc2c1ncn2[C@@H]1O[C@H](COP(=O)(O)O)[C@@H](O)[C@H]1O,False,InosineOnly
Cc1cc2nc3c(=O)[nH]c(=O)nc-3n(C[C@H](O)[C@H](O)[C@H](O)COP(=O)(O)OP(=O)(O)OC[C@H]3O[C@@H](n4cnc5c(N)ncnc54)[C@H](O)[C@@H]3O)c2cc1C,False,InosineOnly
Cc1cc2c(cc1C)N(C[C@H](O)[C@H](O)[C@H](O)COP(=O)(O)OP(=O)(O)OC[C@H]1O[C@@H](n3cnc4c(N)ncnc43)[C@H](O)[C@@H]1O)c1[nH]c(=O)[nH]c(=O)c1N2,False,InosineOnly
Nc1ncnc2c1ncn2[C@@H]1O[C@H](COP(=O)(O)OP(=O)(O)O)[C@@H](O)[C@H]1O,False,InosineOnly
NC(=O)c1ccc[n+]([C@@H]2O[C@H](COP(=O)(O)OP(=O)(O)OC[C@H]3O[C@@H](n4cnc5c(N)ncnc54)[C@H](OP(=O)(O)O)[C@@H]3O)[C@@H](O)[C@H]2O)c1,False,InosineOnly
NC(=O)C1=CN([C@@H]2O[C@H](COP(=O)(O)OP(=O)(O)OC[C@H]3O[C@@H](n4cnc5c(N)ncnc54)[C@H](OP(=O)(O)O)[C@@H]3O)[C@@H](O)[C@H]2O)C=CC1,False,InosineOnly
Nc1ncnc2c1ncn2[C@@H]1O[C@H](COP(=O)(O)OS(=O)(=O)O)[C@@H](OP(=O)(O)O)[C@H]1O,False,InosineOnly
Nc1ncnc2c1ncn2[C@@H]1O[C@H](COP(=O)(O)O)[C@@H](OP(=O)(O)O)[C@H]1O,False,InosineOnly
C[S+](CC[C@H](N)C(=O)O)C[C@H]1O[C@@H](n2cnc3c(N)ncnc32)[C@H](O)[C@@H]1O,False,InosineOnly
Nc1ncnc2c1ncn2[C@@H]1O[C@H](CSCC[C@H](N)C(=O)O)[C@@H](O)[C@H]1O,False,InosineOnly
O=c1ccn([C@@H]2O[C@H](COP(=O)(O)OP(=O)(O)O[C@H]3O[C@H](CO)[C@@H](O)[C@H](O)[C@H]3O)[C@@H](O)[C@H]2O)c(=O)[nH]1,False,InosineOnly
O=c1ccn([C@@H]2O[C@H](COP(=O)(O)OP(=O)(O)O)[C@@H](O)[C@H]2O)c(=O)[nH]1,False,InosineOnly
*c1c(*)c(O)c(*)c(*)c1O,False,InosineOnly
*C1=C(*)C(=O)C(*)=C(*)C1=O,False,InosineOnly
CC(C)=CCOP(=O)(O)OP(=O)(O)O,False,InosineOnly
*C(=O)CC[C@H](NC(=O)c1ccc(N(C=O)C[C@H]2CNc3nc(N)[nH]c(=O)c3N2)cc1)C(=O)O,False,InosineOnly
*C(=O)CC[C@H](NC(=O)c1ccc(NC[C@H]2CNc3nc(N)[nH]c(=O)c3N2)cc1)C(=O)O,False,InosineOnly
[O]C1=C(O)C(=O)O[C@@H]1[C@@H](O)CO,False,InosineOnly
O=C1O[C@H]([C@@H](O)CO)C(O)=C1O,False,InosineOnly
*C(=O)[C@H](C)OP(=O)(O)OC[C@@H](O)[C@@H](O)[C@@H](O)Cn1c2nc(=O)[nH]c(=O)c-2cc2ccc(O)cc21,False,InosineOnly
*C(=O)[C@H](C)OP(=O)(O)OC[C@@H](O)[C@@H](O)[C@@H](O)CN1c2cc(O)ccc2Cc2c1[nH]c(=O)[nH]c2=O,False,InosineOnly
CC(=O)SCCNC(=O)CCNC(=O)[C@H](O)C(C)(C)COP(=O)(O)OP(=O)(O)OC[C@H]1O[C@@H](n2cnc3c(N)ncnc32)[C@H](O)[C@@H]1OP(=O)(O)O,False,InosineOnly
C#[O+],False,InosineOnly
CC(C)(COP(=O)(O)OP(=O)(O)OC[C@H]1O[C@@H](n2cnc3c(N)ncnc32)[C@H](O)[C@@H]1OP(=O)(O)O)[C@@H](O)C(=O)NCCC(=O)NCCS,False,InosineOnly
F,False,InosineOnly
O=c1[nH]cnc2c1ncn2[C@@H]1O[C@H](CO)[C@@H](O)[C@H]1O,False,InosineOnly
O=c1[nH]cnc2c1ncn2[C@@]1(CO)OC[C@@H](O)[C@H]1O,False,InosineOnly
O=c1[nH]cnc2c1ncn2[C@@H]1O[C@H](COP(=O)(O)O)[C@@H](O)[C@H]1O,False,InosineOnly
O=c1[nH]cnc2c1ncn2[C@@H]1O[C@H](CO)[C@@H](OP(=O)(O)O)[C@H]1O,False,InosineOnly
O=c1[nH]cnc2c1ncn2[C@@H]1O[C@H](CO)[C@@H](O)[C@H]1OP(=O)(O)O,False,InosineOnly
O=C[C@H]1O[C@@H](n2cnc3c(=O)[nH]cnc32)[C@H](O)[C@@H]1O,False,InosineOnly
O=c1[nH]cnc2c1ncn2[C@@H]1O[C@H](CO)[C@@H](OS(=O)(=O)O)[C@H]1O,False,InosineOnly
O=c1[nH]cnc2c1ncn2[C@@H]1O[C@H](CO)[C@@H](O)[C@H]1OS(=O)(=O)O,False,InosineOnly
O=c1[nH]cnc2c1ncn2[C@@H]1O[C@H](COS(=O)(=O)O)[C@@H](O)[C@H]1O,False,InosineOnly
COC[C@H]1O[C@@H](n2cnc3c(=O)[nH]cnc32)[C@H](O)[C@@H]1O,False,InosineOnly
CO[C@H]1[C@@H](O)[C@H](n2cnc3c(=O)[nH]cnc32)O[C@@H]1CO,False,InosineOnly
CO[C@@H]1[C@H](O)[C@@H](CO)O[C@H]1n1cnc2c(=O)[nH]cnc21,False,InosineOnly
C[n+]1cn([C@@H]2O[C@H](CO)[C@@H](O)[C@H]2O)c2nc[nH]c(=O)c21,False,InosineOnly
CC(=O)OC[C@H]1O[C@@H](n2cnc3c(=O)[nH]cnc32)[C@H](O)[C@@H]1O,False,InosineOnly
CC(=O)O[C@H]1[C@@H](O)[C@H](n2cnc3c(=O)[nH]cnc32)O[C@@H]1CO,False,InosineOnly
CC(=O)O[C@@H]1[C@H](O)[C@@H](CO)O[C@H]1n1cnc2c(=O)[nH]cnc21,False,InosineOnly
C[C@H]1O[C@@H](n2cnc3c(=O)[nH]cnc32)[C@H](O)[C@@H]1O,False,InosineOnly
O=C(O)[C@H]1O[C@@H](n2cnc3c(=O)[nH]cnc32)[C@H](O)[C@@H]1O,False,InosineOnly
O=c1[nH]cnc2c1ncn2[C@@H]1OC(CO)[C@@H](O)[C@H]1O,False,InosineOnly
O=c1[nH]cnc2c1ncn2[C@@]1(COP(=O)(O)O)OC[C@@H](O)[C@H]1O,False,InosineOnly
O=c1[nH]cnc2c1ncn2[C@@]1(CO)OC[C@@H](O)[C@H]1OP(=O)(O)O,False,InosineOnly
O=c1[nH]cnc2c1ncn2[C@@]1(CO)OC[C@@H](OP(=O)(O)O)[C@H]1O,False,InosineOnly
O=C[C@]1(n2cnc3c(=O)[nH]cnc32)OC[C@@H](O)[C@H]1O,False,InosineOnly
O=c1[nH]cnc2c1ncn2[C@@]1(CO)OC[C@@H](O)[C@H]1OS(=O)(=O)O,False,InosineOnly
O=c1[nH]cnc2c1ncn2[C@@]1(CO)OC[C@@H](OS(=O)(=O)O)[C@H]1O,False,InosineOnly
O=c1[nH]cnc2c1ncn2[C@@]1(COS(=O)(=O)O)OC[C@@H](O)[C@H]1O,False,InosineOnly
COC[C@]1(n2cnc3c(=O)[nH]cnc32)OC[C@@H](O)[C@H]1O,False,InosineOnly
CO[C@@H]1[C@H](O)CO[C@]1(CO)n1cnc2c(=O)[nH]cnc21,False,InosineOnly
CO[C@@H]1CO[C@](CO)(n2cnc3c(=O)[nH]cnc32)[C@@H]1O,False,InosineOnly
CC(=O)OC[C@]1(n2cnc3c(=O)[nH]cnc32)OC[C@@H](O)[C@H]1O,False,InosineOnly
CC(=O)O[C@@H]1[C@H](O)CO[C@]1(CO)n1cnc2c(=O)[nH]cnc21,False,InosineOnly
CC(=O)O[C@@H]1CO[C@](CO)(n2cnc3c(=O)[nH]cnc32)[C@@H]1O,False,InosineOnly
C[C@]1(n2cnc3c(=O)[nH]cnc32)OC[C@@H](O)[C@H]1O,False,InosineOnly
O=C(O)[C@]1(n2cnc3c(=O)[nH]cnc32)OC[C@@H](O)[C@H]1O,False,InosineOnly
O=c1[nH]cnc2c1ncn2[C@@H]1OC[C@@](O)(COP(=O)(O)O)[C@H]1O,False,InosineOnly
O=c1[nH]cnc2c1ncn2[C@@H]1OC[C@@H](O)[C@@]1(O)COP(=O)(O)O,False,InosineOnly
O=c1[nH]cnc2c1nc(COP(=O)(O)O)n2[C@@H]1OC[C@@H](O)[C@H]1O,False,InosineOnly
O=c1[nH]c(COP(=O)(O)O)nc2c1ncn2[C@@H]1OC[C@@H](O)[C@H]1O,False,InosineOnly
O=c1[nH]cnc2c1ncn2[C@@H]1O[C@@H]2COP(=O)(O)O[C@H]2[C@H]1O,False,InosineOnly
O=c1[nH]cnc2c1ncn2[C@@H]1O[C@@H]2COP(=O)(O)O[C@@H]1[C@@H]2O,False,InosineOnly
CO[C@H]1[C@@H](O)[C@H](n2cnc3c(=O)[nH]cnc32)O[C@@H]1COP(=O)(O)O,False,InosineOnly
CO[C@@H]1[C@H](O)[C@@H](COP(=O)(O)O)O[C@H]1n1cnc2c(=O)[nH]cnc21,False,InosineOnly
C[n+]1cn([C@@H]2O[C@H](COP(=O)(O)O)[C@@H](O)[C@H]2O)c2nc[nH]c(=O)c21,False,InosineOnly
O=c1[nH]cnc2c1ncn2[C@@H]1O[C@H](CO)[C@H]2OP(=O)(O)O[C@H]21,False,InosineOnly
O=C[C@H]1O[C@@H](n2cnc3c(=O)[nH]cnc32)[C@H](O)[C@@H]1OP(=O)(O)O,False,InosineOnly
COC[C@H]1O[C@@H](n2cnc3c(=O)[nH]cnc32)[C@H](O)[C@@H]1OP(=O)(O)O,False,InosineOnly
CO[C@@H]1[C@H](OP(=O)(O)O)[C@@H](CO)O[C@H]1n1cnc2c(=O)[nH]cnc21,False,InosineOnly
C[n+]1cn([C@@H]2O[C@H](CO)[C@@H](OP(=O)(O)O)[C@H]2O)c2nc[nH]c(=O)c21,False,InosineOnly
C[C@H]1O[C@@H](n2cnc3c(=O)[nH]cnc32)[C@H](O)[C@@H]1OP(=O)(O)O,False,InosineOnly
O=C[C@H]1O[C@@H](n2cnc3c(=O)[nH]cnc32)[C@H](OP(=O)(O)O)[C@@H]1O,False,InosineOnly
COC[C@H]1O[C@@H](n2cnc3c(=O)[nH]cnc32)[C@H](OP(=O)(O)O)[C@@H]1O,False,InosineOnly
CO[C@H]1[C@@H](OP(=O)(O)O)[C@H](n2cnc3c(=O)[nH]cnc32)O[C@@H]1CO,False,InosineOnly
C[n+]1cn([C@@H]2O[C@H](CO)[C@@H](O)[C@H]2OP(=O)(O)O)c2nc[nH]c(=O)c21,False,InosineOnly
C[C@H]1O[C@@H](n2cnc3c(=O)[nH]cnc32)[C@H](OP(=O)(O)O)[C@@H]1O,False,InosineOnly
O=c1[nH]cnc2c1ncn2[C@@H]1O[C@]2(CO)O[C@H]2[C@H]1O,False,InosineOnly
O=c1[nH]cnc2c1ncn2[C@@H]1O[C@]2(CO)O[C@@H]1[C@@H]2O,False,InosineOnly
O=c1[nH]cnc2c1ncn2[C@@H]1O[C@H](CO)[C@@]2(O)O[C@@H]12,False,InosineOnly
O=c1[nH]cnc2c1ncn2[C@@H]1O[C@H](CO)[C@H]2O[C@]21O,False,InosineOnly
O=c1[nH]cnc2c1ncn2[C@]12O[C@@H]([C@H]1O)[C@@H](CO)O2,False,InosineOnly
O=c1[nH]cnc2c1ncn2[C@]12O[C@@H]1[C@H](O)[C@@H](CO)O2,False,InosineOnly
O=c1[nH]cnc2c1nc1n2[C@@H]2O[C@H](CO)[C@@H](O1)[C@H]2O,False,InosineOnly
O=c1[nH]cnc2c1nc1n2[C@@H]2O[C@H](CO)[C@@H](O)[C@H]2O1,False,InosineOnly
O=c1[nH]c2nc3c1ncn3[C@@H]1O[C@H](CO)[C@@H](O2)[C@H]1O,False,InosineOnly
O=c1[nH]c2nc3c1ncn3[C@@H]1O[C@H](CO)[C@@H](O)[C@H]1O2,False,InosineOnly
O=C[C@H]1O[C@@H](n2cnc3c(=O)[nH]cnc32)[C@H](O)[C@@H]1OS(=O)(=O)O,False,InosineOnly
O=C[C@H]1O[C@@H](n2cnc3c(=O)[nH]cnc32)[C@H](OS(=O)(=O)O)[C@@H]1O,False,InosineOnly
CO[C@H]1[C@@H](O)[C@H](n2cnc3c(=O)[nH]cnc32)O[C@@H]1C=O,False,InosineOnly
CO[C@@H]1[C@H](O)[C@@H](C=O)O[C@H]1n1cnc2c(=O)[nH]cnc21,False,InosineOnly
CC(=O)O[C@H]1[C@@H](O)[C@H](n2cnc3c(=O)[nH]cnc32)O[C@@H]1C=O,False,InosineOnly
CC(=O)O[C@@H]1[C@H](O)[C@@H](C=O)O[C@H]1n1cnc2c(=O)[nH]cnc21,False,InosineOnly
N#CC(O)[C@H]1O[C@@H](n2cnc3c(=O)[nH]cnc32)[C@H](O)[C@@H]1O,False,InosineOnly
COC[C@H]1O[C@@H](n2cnc3c(=O)[nH]cnc32)[C@H](O)[C@@H]1OS(=O)(=O)O,False,InosineOnly
CO[C@@H]1[C@H](OS(=O)(=O)O)[C@@H](CO)O[C@H]1n1cnc2c(=O)[nH]cnc21,False,InosineOnly
C[n+]1cn([C@@H]2O[C@H](CO)[C@@H](OS(=O)(=O)O)[C@H]2O)c2nc[nH]c(=O)c21,False,InosineOnly
C[C@H]1O[C@@H](n2cnc3c(=O)[nH]cnc32)[C@H](O)[C@@H]1OS(=O)(=O)O,False,InosineOnly
COC[C@H]1O[C@@H](n2cnc3c(=O)[nH]cnc32)[C@H](OS(=O)(=O)O)[C@@H]1O,False,InosineOnly
CO[C@H]1[C@@H](OS(=O)(=O)O)[C@H](n2cnc3c(=O)[nH]cnc32)O[C@@H]1CO,False,InosineOnly
C[n+]1cn([C@@H]2O[C@H](CO)[C@@H](O)[C@H]2OS(=O)(=O)O)c2nc[nH]c(=O)c21,False,InosineOnly
C[C@H]1O[C@@H](n2cnc3c(=O)[nH]cnc32)[C@H](OS(=O)(=O)O)[C@@H]1O,False,InosineOnly
CO[C@H]1[C@@H](O)[C@H](n2cnc3c(=O)[nH]cnc32)O[C@@H]1COS(=O)(=O)O,False,InosineOnly
CO[C@@H]1[C@H](O)[C@@H](COS(=O)(=O)O)O[C@H]1n1cnc2c(=O)[nH]cnc21,False,InosineOnly
C[n+]1cn([C@@H]2O[C@H](COS(=O)(=O)O)[C@@H](O)[C@H]2O)c2nc[nH]c(=O)c21,False,InosineOnly
COC[C@H]1O[C@@H](n2cnc3c(=O)[nH]cnc32)[C@H](O)[C@@H]1OC,False,InosineOnly
COC[C@H]1O[C@@H](n2cnc3c(=O)[nH]cnc32)[C@H](OC)[C@@H]1O,False,InosineOnly
COC[C@H]1O[C@@H](n2c[n+](C)c3c(=O)[nH]cnc32)[C@H](O)[C@@H]1O,False,InosineOnly
COC[C@H]1O[C@@H](n2cnc3c(=O)[nH]cnc32)[C@H](O)[C@@H]1OC(C)=O,False,InosineOnly
COC[C@H]1O[C@@H](n2cnc3c(=O)[nH]cnc32)[C@H](OC(C)=O)[C@@H]1O,False,InosineOnly
O=COC[C@H]1O[C@@H](n2cnc3c(=O)[nH]cnc32)[C@H](O)[C@@H]1O,False,InosineOnly
COC(=O)[C@H]1O[C@@H](n2cnc3c(=O)[nH]cnc32)[C@H](O)[C@@H]1O,False,InosineOnly
CO[C@@H]1[C@H](OC)[C@@H](CO)O[C@H]1n1cnc2c(=O)[nH]cnc21,False,InosineOnly
CO[C@H]1[C@@H](O)[C@H](n2c[n+](C)c3c(=O)[nH]cnc32)O[C@@H]1CO,False,InosineOnly
CO[C@H]1[C@@H](O)[C@H](n2cnc3c(=O)[nH]cnc32)O[C@@H]1COC(C)=O,False,InosineOnly
CO[C@H]1[C@@H](OC(C)=O)[C@H](n2cnc3c(=O)[nH]cnc32)O[C@@H]1CO,False,InosineOnly
CO[C@H]1[C@@H](O)[C@H](n2cnc3c(=O)[nH]cnc32)O[C@@H]1C,False,InosineOnly
O=CO[C@H]1[C@@H](O)[C@H](n2cnc3c(=O)[nH]cnc32)O[C@@H]1CO,False,InosineOnly
CO[C@H]1[C@@H](O)[C@H](n2cnc3c(=O)[nH]cnc32)O[C@@H]1C(=O)O,False,InosineOnly
CO[C@@H]1[C@H](O)[C@@H](CO)O[C@H]1n1c[n+](C)c2c(=O)[nH]cnc21,False,InosineOnly
CO[C@@H]1[C@H](O)[C@@H](COC(C)=O)O[C@H]1n1cnc2c(=O)[nH]cnc21,False,InosineOnly
CO[C@@H]1[C@H](OC(C)=O)[C@@H](CO)O[C@H]1n1cnc2c(=O)[nH]cnc21,False,InosineOnly
CO[C@@H]1[C@H](O)[C@@H](C)O[C@H]1n1cnc2c(=O)[nH]cnc21,False,InosineOnly
O=CO[C@@H]1[C@H](O)[C@@H](CO)O[C@H]1n1cnc2c(=O)[nH]cnc21,False,InosineOnly
CO[C@@H]1[C@H](O)[C@@H](C(=O)O)O[C@H]1n1cnc2c(=O)[nH]cnc21,False,InosineOnly
C[n+]1cn([C@@]2(CO)OC[C@@H](O)[C@H]2O)c2nc[nH]c(=O)c21,False,InosineOnly
C[n+]1cn([C@@H]2O[C@H](C=O)[C@@H](O)[C@H]2O)c2nc[nH]c(=O)c21,False,InosineOnly
CC(=O)OC[C@H]1O[C@@H](n2c[n+](C)c3c(=O)[nH]cnc32)[C@H](O)[C@@H]1O,False,InosineOnly
CC(=O)O[C@@H]1[C@H](O)[C@@H](CO)O[C@H]1n1c[n+](C)c2c(=O)[nH]cnc21,False,InosineOnly
CC(=O)O[C@H]1[C@@H](O)[C@H](n2c[n+](C)c3c(=O)[nH]cnc32)O[C@@H]1CO,False,InosineOnly
C[C@H]1O[C@@H](n2c[n+](C)c3c(=O)[nH]cnc32)[C@H](O)[C@@H]1O,False,InosineOnly
C[n+]1cn([C@@H]2O[C@H](C(=O)O)[C@@H](O)[C@H]2O)c2nc[nH]c(=O)c21,False,InosineOnly
Cn1cnc2c(c1=O)[n+](C)cn2[C@@H]1O[C@H](CO)[C@@H](O)[C@H]1O,False,InosineOnly
O=c1[nH]cnc2c1[nH+]cn2[C@@H]1O[C@H](CO)[C@@H](O)[C@H]1O,False,InosineOnly
CC(OC=O)[C@H]1O[C@@H](n2cnc3c(=O)[nH]cnc32)[C@H](O)[C@@H]1O,False,InosineOnly
C[C@@]1(COC=O)O[C@@H](n2cnc3c(=O)[nH]cnc32)[C@H](O)[C@@H]1O,False,InosineOnly
C[C@]1(O)[C@@H](COC=O)O[C@@H](n2cnc3c(=O)[nH]cnc32)[C@@H]1O,False,InosineOnly
C[C@]1(O)[C@H](O)[C@@H](COC=O)O[C@H]1n1cnc2c(=O)[nH]cnc21,False,InosineOnly
C[C@]1(n2cnc3c(=O)[nH]cnc32)O[C@H](COC=O)[C@@H](O)[C@H]1O,False,InosineOnly
Cc1nc2c(=O)[nH]cnc2n1[C@@H]1O[C@H](COC=O)[C@@H](O)[C@H]1O,False,InosineOnly
Cc1nc2c(ncn2[C@@H]2O[C@H](COC=O)[C@@H](O)[C@H]2O)c(=O)[nH]1,False,InosineOnly
O=c1[nH]cnc2c1ncn2[C@@H]1O[C@@H]2COC(O)CO[C@H]2[C@H]1O,False,InosineOnly
O=c1[nH]cnc2c1ncn2[C@@H]1O[C@@H]2COC(O)CO[C@@H]1[C@@H]2O,False,InosineOnly
CC(O)OC1O[C@H]2[C@@H](O)[C@H](n3cnc4c(=O)[nH]cnc43)O[C@H]12,False,InosineOnly
CC(O)OC1O[C@@H]2[C@H](O)[C@@H]1O[C@H]2n1cnc2c(=O)[nH]cnc21,False,InosineOnly
CC(O)OC[C@]12O[C@@H](n3cnc4c(=O)[nH]cnc43)[C@H](O)[C@@H]1O2,False,InosineOnly
CC(O)OC[C@]12O[C@@H]([C@H](n3cnc4c(=O)[nH]cnc43)O1)[C@@H]2O,False,InosineOnly
CC(O)OC[C@H]1O[C@@H](n2cnc3c(=O)[nH]cnc32)[C@@H]2O[C@]12O,False,InosineOnly
CC(O)OC[C@H]1O[C@@H](n2cnc3c(=O)[nH]cnc32)[C@]2(O)O[C@H]12,False,InosineOnly
CC(O)OC[C@H]1O[C@@]2(n3cnc4c(=O)[nH]cnc43)O[C@H]1[C@H]2O,False,InosineOnly
CC(O)OC[C@H]1O[C@@]2(n3cnc4c(=O)[nH]cnc43)O[C@@H]2[C@@H]1O,False,InosineOnly
CC(O)OC[C@H]1O[C@@H]2[C@H](O)[C@@H]1Oc1nc3c(=O)[nH]cnc3n12,False,InosineOnly
CC(O)OC[C@H]1O[C@@H]2[C@H](Oc3nc4c(=O)[nH]cnc4n32)[C@@H]1O,False,InosineOnly
CC(O)OC[C@H]1O[C@@H]2[C@H](O)[C@@H]1Oc1nc3c(ncn32)c(=O)[nH]1,False,InosineOnly
CC(O)OC[C@H]1O[C@@H]2[C@H](Oc3nc4c(ncn42)c(=O)[nH]3)[C@@H]1O,False,InosineOnly
CC(O)OC[C@H]1O[C@@H](n2cnc3c(=O)[nH]cnc32)[C@H](O)[C@@H]1O,False,InosineOnly
CCOC[C@H]1O[C@@H](n2cnc3c(=O)[nH]cnc32)[C@H](O)[C@@H]1O,False,InosineOnly
CCC(=O)OC[C@H]1O[C@@H](n2cnc3c(=O)[nH]cnc32)[C@H](O)[C@@H]1O,False,InosineOnly
CC(=O)OC[C@H]1O[C@@H](n2cnc3c(=O)[nH]cnc32)[C@H](O)[C@@H]1OC(C)=O,False,InosineOnly
CC(=O)OC[C@H]1O[C@@H](n2cnc3c(=O)[nH]cnc32)[C@H](OC(C)=O)[C@@H]1O,False,InosineOnly
O=C(O)CC(=O)OC[C@H]1O[C@@H](n2cnc3c(=O)[nH]cnc32)[C@H](O)[C@@H]1O,False,InosineOnly
CC(O)(C#N)OC[C@H]1O[C@@H](n2cnc3c(=O)[nH]cnc32)[C@H](O)[C@@H]1O,False,InosineOnly
CC(N)OC[C@H]1O[C@@H](n2cnc3c(=O)[nH]cnc32)[C@H](O)[C@@H]1O,False,InosineOnly
O=C(CO)OC[C@H]1O[C@@H](n2cnc3c(=O)[nH]cnc32)[C@H](O)[C@@H]1O,False,InosineOnly
COC(=O)OC[C@H]1O[C@@H](n2cnc3c(=O)[nH]cnc32)[C@H](O)[C@@H]1O,False,InosineOnly
O=c1[nH]cnc2c1ncn2[C@@H]1O[C@H](COC(O)CO)[C@@H](O)[C@H]1O,False,InosineOnly
CC(=O)C[C@H]1O[C@@H](n2cnc3c(=O)[nH]cnc32)[C@H](O)[C@@H]1O,False,InosineOnly
CC(=O)OC(=O)[C@H]1O[C@@H](n2cnc3c(=O)[nH]cnc32)[C@H](O)[C@@H]1O,False,InosineOnly
CC(=O)OC[C@H]1O[C@@H](n2cnc3c(=O)n(C(C)=O)cnc32)[C@H](O)[C@@H]1O,False,InosineOnly
CC(=O)OC(C)[C@H]1O[C@@H](n2cnc3c(=O)[nH]cnc32)[C@H](O)[C@@H]1O,False,InosineOnly
CC(=O)OC[C@]1(C)O[C@@H](n2cnc3c(=O)[nH]cnc32)[C@H](O)[C@@H]1O,False,InosineOnly
CC(=O)OC[C@H]1O[C@@H](n2cnc3c(=O)[nH]cnc32)[C@H](O)[C@@]1(C)O,False,InosineOnly
CC(=O)OC[C@H]1O[C@@H](n2cnc3c(=O)[nH]cnc32)[C@@](C)(O)[C@@H]1O,False,InosineOnly
CC(=O)OC[C@H]1O[C@](C)(n2cnc3c(=O)[nH]cnc32)[C@H](O)[C@@H]1O,False,InosineOnly
CC(=O)OC[C@H]1O[C@@H](n2c(C)nc3c(=O)[nH]cnc32)[C@H](O)[C@@H]1O,False,InosineOnly
CC(=O)OC[C@H]1O[C@@H](n2cnc3c(=O)[nH]c(C)nc32)[C@H](O)[C@@H]1O,False,InosineOnly
C[C@]1(OC=O)[C@@H](CO)O[C@@H](n2cnc3c(=O)[nH]cnc32)[C@@H]1O,False,InosineOnly
C[C@]1(O)[C@H](OC=O)[C@@H](CO)O[C@H]1n1cnc2c(=O)[nH]cnc21,False,InosineOnly
C[C@@]1(CO)O[C@@H](n2cnc3c(=O)[nH]cnc32)[C@H](O)[C@@H]1OC=O,False,InosineOnly
C[C@]1(n2cnc3c(=O)[nH]cnc32)O[C@H](CO)[C@@H](OC=O)[C@H]1O,False,InosineOnly
CC(O)[C@H]1O[C@@H](n2cnc3c(=O)[nH]cnc32)[C@H](O)[C@@H]1OC=O,False,InosineOnly
Cc1nc2c(=O)[nH]cnc2n1[C@@H]1O[C@H](CO)[C@@H](OC=O)[C@H]1O,False,InosineOnly
Cc1nc2c(ncn2[C@@H]2O[C@H](CO)[C@@H](OC=O)[C@H]2O)c(=O)[nH]1,False,InosineOnly
O=c1[nH]cnc2c1ncn2[C@@H]1O[C@H](CO)[C@H]2OC(O)CO[C@H]21,False,InosineOnly
O=c1[nH]cnc2c1ncn2[C@@H]1O[C@@H]2COCC(O)O[C@H]2[C@H]1O,False,InosineOnly
CC(O)O[C@]12O[C@H]1[C@H](n1cnc3c(=O)[nH]cnc31)O[C@@H]2CO,False,InosineOnly
CC(O)O[C@@]12OC[C@H]1O[C@@H](n1cnc3c(=O)[nH]cnc31)[C@@H]2O,False,InosineOnly
CC(O)O[C@@H]1[C@H]2CO[C@@]1(O)[C@H](n1cnc3c(=O)[nH]cnc31)O2,False,InosineOnly
CC(O)O[C@H]1[C@H]2O[C@@]1(CO)O[C@H]2n1cnc2c(=O)[nH]cnc21,False,InosineOnly
CC(O)O[C@H]1[C@@H](O)[C@H](n2cnc3c(=O)[nH]cnc32)O[C@@]12CO2,False,InosineOnly
CC(O)O[C@H]1[C@H]2O[C@]2(n2cnc3c(=O)[nH]cnc32)O[C@@H]1CO,False,InosineOnly
CC(O)O[C@H]1[C@@H](O)[C@]2(n3cnc4c(=O)[nH]cnc43)OC[C@H]1O2,False,InosineOnly
CC(O)O[C@H]1[C@H]2OC(O)[C@H]1O[C@H]2n1cnc2c(=O)[nH]cnc21,False,InosineOnly
CC(O)O[C@H]1[C@H]2Oc3nc4c(=O)[nH]cnc4n3[C@@H]2O[C@@H]1CO,False,InosineOnly
CC(O)O[C@H]1[C@@H](O)[C@H]2O[C@@H]1COc1nc3c(=O)[nH]cnc3n12,False,InosineOnly
CC(O)O[C@H]1[C@H]2Oc3nc4c(ncn4[C@@H]2O[C@@H]1CO)c(=O)[nH]3,False,InosineOnly
CC(O)O[C@H]1[C@@H](O)[C@H]2O[C@@H]1COc1nc3c(ncn32)c(=O)[nH]1,False,InosineOnly
CC(O)O[C@H]1[C@@H](O)[C@H](n2cnc3c(=O)[nH]cnc32)O[C@@H]1CO,False,InosineOnly
CCO[C@H]1[C@@H](O)[C@H](n2cnc3c(=O)[nH]cnc32)O[C@@H]1CO,False,InosineOnly
CCC(=O)O[C@H]1[C@@H](O)[C@H](n2cnc3c(=O)[nH]cnc32)O[C@@H]1CO,False,InosineOnly
CC(=O)O[C@@H]1[C@H](OC(C)=O)[C@@H](CO)O[C@H]1n1cnc2c(=O)[nH]cnc21,False,InosineOnly
O=C(O)CC(=O)O[C@H]1[C@@H](O)[C@H](n2cnc3c(=O)[nH]cnc32)O[C@@H]1CO,False,InosineOnly
CC(O)(C#N)O[C@H]1[C@@H](O)[C@H](n2cnc3c(=O)[nH]cnc32)O[C@@H]1CO,False,InosineOnly
CC(N)O[C@H]1[C@@H](O)[C@H](n2cnc3c(=O)[nH]cnc32)O[C@@H]1CO,False,InosineOnly
O=C(CO)O[C@H]1[C@@H](O)[C@H](n2cnc3c(=O)[nH]cnc32)O[C@@H]1CO,False,InosineOnly
COC(=O)O[C@H]1[C@@H](O)[C@H](n2cnc3c(=O)[nH]cnc32)O[C@@H]1CO,False,InosineOnly
O=c1[nH]cnc2c1ncn2[C@@H]1O[C@H](CO)[C@@H](OC(O)CO)[C@H]1O,False,InosineOnly
CC(=O)O[C@H]1[C@@H](O)[C@H](n2cnc3c(=O)[nH]cnc32)O[C@@H]1C,False,InosineOnly
CC(=O)[C@H]1[C@@H](O)[C@H](n2cnc3c(=O)[nH]cnc32)O[C@@H]1CO,False,InosineOnly
CC(=O)O[C@H]1[C@@H](O)[C@H](n2cnc3c(=O)[nH]cnc32)O[C@@H]1C(=O)O,False,InosineOnly
CC(=O)O[C@H]1[C@@H](O)[C@H](n2cnc3c(=O)n(C(C)=O)cnc32)O[C@@H]1CO,False,InosineOnly
CC(=O)O[C@@]1(C)[C@@H](CO)O[C@@H](n2cnc3c(=O)[nH]cnc32)[C@@H]1O,False,InosineOnly
CC(=O)O[C@@H]1[C@@H](CO)O[C@@H](n2cnc3c(=O)[nH]cnc32)[C@@]1(C)O,False,InosineOnly
CC(=O)O[C@H]1[C@@H](O)[C@H](n2cnc3c(=O)[nH]cnc32)O[C@@]1(C)CO,False,InosineOnly
CC(=O)O[C@H]1[C@@H](O)[C@@](C)(n2cnc3c(=O)[nH]cnc32)O[C@@H]1CO,False,InosineOnly
CC(=O)O[C@H]1[C@@H](O)[C@H](n2cnc3c(=O)[nH]cnc32)O[C@@H]1C(C)O,False,InosineOnly
CC(=O)O[C@H]1[C@@H](O)[C@H](n2c(C)nc3c(=O)[nH]cnc32)O[C@@H]1CO,False,InosineOnly
CC(=O)O[C@H]1[C@@H](O)[C@H](n2cnc3c(=O)[nH]c(C)nc32)O[C@@H]1CO,False,InosineOnly
C[C@]1(OC=O)[C@H](O)[C@@H](CO)O[C@H]1n1cnc2c(=O)[nH]cnc21,False,InosineOnly
C[C@]1(n2cnc3c(=O)[nH]cnc32)O[C@H](CO)[C@@H](O)[C@H]1OC=O,False,InosineOnly
C[C@]1(O)[C@@H](CO)O[C@@H](n2cnc3c(=O)[nH]cnc32)[C@@H]1OC=O,False,InosineOnly
C[C@@]1(CO)O[C@@H](n2cnc3c(=O)[nH]cnc32)[C@H](OC=O)[C@@H]1O,False,InosineOnly
Cc1nc2c(=O)[nH]cnc2n1[C@@H]1O[C@H](CO)[C@@H](O)[C@H]1OC=O,False,InosineOnly
CC(O)[C@H]1O[C@@H](n2cnc3c(=O)[nH]cnc32)[C@H](OC=O)[C@@H]1O,False,InosineOnly
Cc1nc2c(ncn2[C@@H]2O[C@H](CO)[C@@H](O)[C@H]2OC=O)c(=O)[nH]1,False,InosineOnly
O=c1[nH]cnc2c1ncn2[C@@H]1O[C@H](CO)[C@H]2OCC(O)O[C@H]21,False,InosineOnly
O=c1[nH]cnc2c1ncn2[C@@H]1O[C@@H]2COCC(O)O[C@@H]1[C@@H]2O,False,InosineOnly
CC(O)O[C@@]12O[C@@H]1[C@@H](CO)O[C@H]2n1cnc2c(=O)[nH]cnc21,False,InosineOnly
CC(O)O[C@]12OC[C@@H](O[C@H]1n1cnc3c(=O)[nH]cnc31)[C@H]2O,False,InosineOnly
CC(O)O[C@@H]1[C@@H]2O[C@]1(n1cnc3c(=O)[nH]cnc31)O[C@@H]2CO,False,InosineOnly
CC(O)O[C@@H]1[C@H](O)[C@H]2CO[C@]1(n1cnc3c(=O)[nH]cnc31)O2,False,InosineOnly
CC(O)O[C@H]1[C@H](n2cnc3c(=O)[nH]cnc32)O[C@@H]2CO[C@]21O,False,InosineOnly
CC(O)O[C@H]1[C@H](n2cnc3c(=O)[nH]cnc32)O[C@]2(CO)O[C@@H]12,False,InosineOnly
CC(O)O[C@H]1[C@H](n2cnc3c(=O)[nH]cnc32)O[C@@]2(CO2)[C@H]1O,False,InosineOnly
CC(O)O[C@@H]1[C@@H]2Oc3nc4c(=O)[nH]cnc4n3[C@@H]1O[C@@H]2CO,False,InosineOnly
CC(O)O[C@@H]1[C@H](O)[C@H]2COc3nc4c(=O)[nH]cnc4n3[C@@H]1O2,False,InosineOnly
CC(O)O[C@@H]1[C@@H]2OC(O)[C@H]2O[C@H]1n1cnc2c(=O)[nH]cnc21,False,InosineOnly
CC(O)O[C@@H]1[C@@H]2Oc3nc4c(ncn4[C@@H]1O[C@@H]2CO)c(=O)[nH]3,False,InosineOnly
CC(O)O[C@@H]1[C@H](O)[C@H]2COc3nc4c(ncn4[C@@H]1O2)c(=O)[nH]3,False,InosineOnly
CC(O)O[C@@H]1[C@H](O)[C@@H](CO)O[C@H]1n1cnc2c(=O)[nH]cnc21,False,InosineOnly
CCO[C@@H]1[C@H](O)[C@@H](CO)O[C@H]1n1cnc2c(=O)[nH]cnc21,False,InosineOnly
CCC(=O)O[C@@H]1[C@H](O)[C@@H](CO)O[C@H]1n1cnc2c(=O)[nH]cnc21,False,InosineOnly
O=C(O)CC(=O)O[C@@H]1[C@H](O)[C@@H](CO)O[C@H]1n1cnc2c(=O)[nH]cnc21,False,InosineOnly
CC(O)(C#N)O[C@@H]1[C@H](O)[C@@H](CO)O[C@H]1n1cnc2c(=O)[nH]cnc21,False,InosineOnly
CC(N)O[C@@H]1[C@H](O)[C@@H](CO)O[C@H]1n1cnc2c(=O)[nH]cnc21,False,InosineOnly
O=C(CO)O[C@@H]1[C@H](O)[C@@H](CO)O[C@H]1n1cnc2c(=O)[nH]cnc21,False,InosineOnly
COC(=O)O[C@@H]1[C@H](O)[C@@H](CO)O[C@H]1n1cnc2c(=O)[nH]cnc21,False,InosineOnly
O=c1[nH]cnc2c1ncn2[C@@H]1O[C@H](CO)[C@@H](O)[C@H]1OC(O)CO,False,InosineOnly
CC(=O)O[C@@H]1[C@H](O)[C@@H](C)O[C@H]1n1cnc2c(=O)[nH]cnc21,False,InosineOnly
CC(=O)[C@@H]1[C@H](O)[C@@H](CO)O[C@H]1n1cnc2c(=O)[nH]cnc21,False,InosineOnly
CC(=O)O[C@@H]1[C@H](O)[C@@H](C(=O)O)O[C@H]1n1cnc2c(=O)[nH]cnc21,False,InosineOnly
CC(=O)O[C@@H]1[C@H](O)[C@@H](CO)O[C@H]1n1cnc2c(=O)n(C(C)=O)cnc21,False,InosineOnly
CC(=O)O[C@@]1(C)[C@H](O)[C@@H](CO)O[C@H]1n1cnc2c(=O)[nH]cnc21,False,InosineOnly
CC(=O)O[C@@H]1[C@H](O)[C@@H](CO)O[C@]1(C)n1cnc2c(=O)[nH]cnc21,False,InosineOnly
CC(=O)O[C@H]1[C@H](n2cnc3c(=O)[nH]cnc32)O[C@H](CO)[C@]1(C)O,False,InosineOnly
CC(=O)O[C@H]1[C@H](n2cnc3c(=O)[nH]cnc32)O[C@@](C)(CO)[C@H]1O,False,InosineOnly
CC(=O)O[C@@H]1[C@H](O)[C@@H](CO)O[C@H]1n1c(C)nc2c(=O)[nH]cnc21,False,InosineOnly
CC(=O)O[C@@H]1[C@H](O)[C@@H](C(C)O)O[C@H]1n1cnc2c(=O)[nH]cnc21,False,InosineOnly
CC(=O)O[C@@H]1[C@H](O)[C@@H](CO)O[C@H]1n1cnc2c(=O)[nH]c(C)nc21,False,InosineOnly
O=c1[nH]cnc2c1ncn2[C@@H]1OC[C@@H](O)[C@H]1O,False,InosineOnly
O=c1[nH]cnc2c1ncn2[C@@H]1O[C@]2(OC2O)[C@@H](O)[C@H]1O,False,InosineOnly
O=c1[nH]cnc2c1ncn2[C@@H]1O[C@]2(C(O)O)O[C@H]2[C@H]1O,False,InosineOnly
O=c1[nH]cnc2c1ncn2[C@@H]1O[C@]2(C(O)O)O[C@@H]1[C@@H]2O,False,InosineOnly
O=c1[nH]cnc2c1ncn2[C@@H]1O[C@@H]2C(O)O[C@@]2(O)[C@H]1O,False,InosineOnly
O=c1[nH]cnc2c1ncn2[C@@H]1O[C@H](C(O)O)[C@@]2(O)O[C@@H]12,False,InosineOnly
O=c1[nH]cnc2c1ncn2[C@@H]1O[C@@H]2C(O)O[C@]1(O)[C@@H]2O,False,InosineOnly
O=c1[nH]cnc2c1ncn2[C@@H]1O[C@H](C(O)O)[C@H]2O[C@]21O,False,InosineOnly
O=c1[nH]cnc2c1ncn2[C@@]12OC(O)[C@@H](O1)[C@@H](O)[C@H]2O,False,InosineOnly
O=c1[nH]cnc2c1ncn2[C@@]12O[C@H]([C@@H](C(O)O)O1)[C@H]2O,False,InosineOnly
O=c1[nH]cnc2c1ncn2[C@@]12O[C@H](C(O)O)[C@@H](O)[C@H]1O2,False,InosineOnly
O=c1[nH]cnc2c1nc1n2[C@@H]2O[C@H](C(O)O1)[C@@H](O)[C@H]2O,False,InosineOnly
O=c1[nH]cnc2c1nc1n2[C@@H]2O[C@H](C(O)O)[C@@H](O1)[C@H]2O,False,InosineOnly
O=c1[nH]cnc2c1nc1n2[C@@H]2O[C@H](C(O)O)[C@@H](O)[C@H]2O1,False,InosineOnly
O=c1[nH]c2nc3c1ncn3[C@@H]1O[C@H](C(O)O2)[C@@H](O)[C@H]1O,False,InosineOnly
O=c1[nH]c2nc3c1ncn3[C@@H]1O[C@H](C(O)O)[C@@H](O2)[C@H]1O,False,InosineOnly
O=c1[nH]c2nc3c1ncn3[C@@H]1O[C@H](C(O)O)[C@@H](O)[C@H]1O2,False,InosineOnly
O=c1[nH]cnc2c1ncn2[C@@H]1O[C@H](C(O)O)[C@@H](O)[C@H]1O,False,InosineOnly
N#CC(O)(O)[C@H]1O[C@@H](n2cnc3c(=O)[nH]cnc32)[C@H](O)[C@@H]1O,False,InosineOnly
NC(=O)[C@H]1O[C@@H](n2cnc3c(=O)[nH]cnc32)[C@H](O)[C@@H]1O,False,InosineOnly
