DrugCentral_ID,DrugName,DrugName_norm,Canonical_SMILES,InChI,InChIKey,ID,INN,CAS_RN,INN_norm
2994,glucagon,glucagon,CSCC[C@H](NC(=O)[C@H](CC(C)C)NC(=O)[C@H](CC1=CNC2=C1C=CC=C2)NC(=O)[C@H](CCC(N)=O)NC(=O)[C@@H](NC(=O)[C@H](CC1=CC=CC=C1)NC(=O)[C@H](CC(O)=O)NC(=O)[C@H](CCC(N)=O)NC(=O)[C@H](C)NC(=O)[C@H](CCCNC(N)=N)NC(=O)[C@H](CCCNC(N)=N)NC(=O)[C@H](CO)NC(=O)[C@H](CC(O)=O)NC(=O)[C@H](CC(C)C)NC(=O)[C@H](CC1=CC=C(O)C=C1)NC(=O)[C@H](CCCCN)NC(=O)[C@H](CO)NC(=O)[C@H](CC1=CC=C(O)C=C1)NC(=O)[C@H](CC(O)=O)NC(=O)[C@H](CO)NC(=O)[C@@H](NC(=O)[C@H](CC1=CC=CC=C1)NC(=O)[C@@H](NC(=O)CNC(=O)[C@H](CCC(N)=O)NC(=O)[C@H](CO)NC(=O)[C@@H](N)CC1=CNC=N1)[C@@H](C)O)[C@@H](C)O)C(C)C)C(=O)N[C@@H](CC(N)=O)C(=O)N[C@@H]([C@@H](C)O)C(O)=O,"InChI=1S/C153H225N43O49S/c1-72(2)52-97(133(226)176-96(47-51-246-11)132(225)184-104(60-115(159)209)143(236)196-123(78(10)203)151(244)245)179-137(230)103(58-83-64-167-89-29-19-18-28-87(83)89)183-131(224)95(43-46-114(158)208)177-148(241)120(74(5)6)194-141(234)101(54-79-24-14-12-15-25-79)182-138(231)105(61-117(211)212)185-130(223)94(42-45-113(157)207)171-124(217)75(7)170-127(220)91(31-22-49-165-152(160)161)172-128(221)92(32-23-50-166-153(162)163)174-146(239)110(69-199)191-140(233)107(63-119(215)216)186-134(227)98(53-73(3)4)178-135(228)99(56-81-33-37-85(204)38-34-81)180-129(222)90(30-20-21-48-154)173-145(238)109(68-198)190-136(229)100(57-82-35-39-86(205)40-36-82)181-139(232)106(62-118(213)214)187-147(240)111(70-200)192-150(243)122(77(9)202)195-142(235)102(55-80-26-16-13-17-27-80)188-149(242)121(76(8)201)193-116(210)66-168-126(219)93(41-44-112(156)206)175-144(237)108(67-197)189-125(218)88(155)59-84-65-164-71-169-84/h12-19,24-29,33-40,64-65,71-78,88,90-111,120-123,167,197-205H,20-23,30-32,41-63,66-70,154-155H2,1-11H3,(H2,156,206)(H2,157,207)(H2,158,208)(H2,159,209)(H,164,169)(H,168,219)(H,170,220)(H,171,217)(H,172,221)(H,173,238)(H,174,239)(H,175,237)(H,176,226)(H,177,241)(H,178,228)(H,179,230)(H,180,222)(H,181,232)(H,182,231)(H,183,224)(H,184,225)(H,185,223)(H,186,227)(H,187,240)(H,188,242)(H,189,218)(H,190,229)(H,191,233)(H,192,243)(H,193,210)(H,194,234)(H,195,235)(H,196,236)(H,211,212)(H,213,214)(H,215,216)(H,244,245)(H4,160,161,165)(H4,162,163,166)/t75-,76+,77+,78+,88-,90-,91-,92-,93-,94-,95-,96-,97-,98-,99-,100-,101-,102-,103-,104-,105-,106-,107-,108-,109-,110-,111-,120-,121-,122-,123-/m0/s1",MASNOZXLGMXCHN-ZLPAWPGGSA-N,2994,glucagon,9007-92-5,glucagon
5301,baloxavir marboxil,baloxavir marboxil,COC(=O)OCOC1=C2N(C=CC1=O)N([C@@H]1COCCN1C2=O)[C@H]1C2=CC=C(F)C(F)=C2CSC2=CC=CC=C12,"InChI=1S/C27H23F2N3O7S/c1-36-27(35)39-14-38-25-19(33)8-9-31-24(25)26(34)30-10-11-37-12-21(30)32(31)23-15-6-7-18(28)22(29)17(15)13-40-20-5-3-2-4-16(20)23/h2-9,21,23H,10-14H2,1H3/t21-,23+/m1/s1",RZVPBGBYGMDSBG-GGAORHGYSA-N,5301,baloxavir marboxil,1985606-14-1,baloxavir marboxil
1225,fluticasone propionate,fluticasone propionate,CCC(=O)O[C@@]1([C@H](C)C[C@H]2[C@@H]3C[C@H](F)C4=CC(=O)C=C[C@]4(C)[C@@]3(F)[C@@H](O)C[C@]12C)C(=O)SCF,"InChI=1S/C25H31F3O5S/c1-5-20(31)33-25(21(32)34-12-26)13(2)8-15-16-10-18(27)17-9-14(29)6-7-22(17,3)24(16,28)19(30)11-23(15,25)4/h6-7,9,13,15-16,18-19,30H,5,8,10-12H2,1-4H3/t13-,15+,16+,18+,19+,22+,23+,24+,25+/m1/s1",WMWTYOKRWGGJOA-CENSZEJFSA-N,1225,fluticasone propionate,80474-14-2,fluticasone propionate
5400,remimazolam,remimazolam,CC1=CN=C2N1C3=C(C=C(C=C3)Br)C(=N[C@H]2CCC(=O)OC)C4=CC=CC=N4,"InChI=1S/C21H19BrN4O2/c1-13-12-24-21-17(7-9-19(27)28-2)25-20(16-5-3-4-10-23-16)15-11-14(22)6-8-18(15)26(13)21/h3-6,8,10-12,17H,7,9H2,1-2H3/t17-/m0/s1",CYHWMBVXXDIZNZ-KRWDZBQOSA-N,5400,remimazolam,308242-62-8,remimazolam
5393,selpercatinib,selpercatinib,CC(C)(COC1=CN2C(=C(C=N2)C#N)C(=C1)C3=CN=C(C=C3)N4CC5CC(C4)N5CC6=CN=C(C=C6)OC)O,"InChI=1S/C29H31N7O3/c1-29(2,37)18-39-24-9-25(28-21(10-30)13-33-36(28)17-24)20-5-6-26(31-12-20)34-15-22-8-23(16-34)35(22)14-19-4-7-27(38-3)32-11-19/h4-7,9,11-13,17,22-23,37H,8,14-16,18H2,1-3H3",XIIOFHFUYBLOLW-UHFFFAOYSA-N,5393,selpercatinib,2152628-33-4,selpercatinib
2638,thiotepa,thiotepa,S=P(N1CC1)(N1CC1)N1CC1,"InChI=1S/C6H12N3PS/c11-10(7-1-2-7,8-3-4-8)9-5-6-9/h1-6H2",FOCVUCIESVLUNU-UHFFFAOYSA-N,2638,thiotepa,52-24-4,thiotepa
5390,pemigatinib,pemigatinib,CCN1C(=O)N(CC2=CN=C3NC(CN4CCOCC4)=CC3=C12)C1=C(F)C(OC)=CC(OC)=C1F,"InChI=1S/C24H27F2N5O4/c1-4-30-21-14(11-27-23-16(21)9-15(28-23)13-29-5-7-35-8-6-29)12-31(24(30)32)22-19(25)17(33-2)10-18(34-3)20(22)26/h9-11H,4-8,12-13H2,1-3H3,(H,27,28)",HCDMJFOHIXMBOV-UHFFFAOYSA-N,5390,pemigatinib,1513857-77-6,pemigatinib
5407,risdiplam,risdiplam,CC1=CC(=NN2C1=NC(=C2)C)C3=CC(=O)N4C=C(C=CC4=N3)N5CCNC6(C5)CC6,"InChI=1S/C22H23N7O/c1-14-9-18(26-29-11-15(2)24-21(14)29)17-10-20(30)28-12-16(3-4-19(28)25-17)27-8-7-23-22(13-27)5-6-22/h3-4,9-12,23H,5-8,13H2,1-2H3",ASKZRYGFUPSJPN-UHFFFAOYSA-N,5407,risdiplam,1825352-65-5,risdiplam
5439,vericiguat,vericiguat,COC(=O)NC1=C(N=C(N=C1N)C2=NN(C3=C2C=C(C=N3)F)CC4=CC=CC=C4F)N,"InChI=1S/C19H16F2N8O2/c1-31-19(30)25-14-15(22)26-17(27-16(14)23)13-11-6-10(20)7-24-18(11)29(28-13)8-9-4-2-3-5-12(9)21/h2-7H,8H2,1H3,(H,25,30)(H4,22,23,26,27)",QZFHIXARHDBPBY-UHFFFAOYSA-N,5439,vericiguat,1350653-20-1,vericiguat
5430,berotralstat,berotralstat,C1CC1CN[C@@H](C2=CC(=C(C=C2)F)NC(=O)C3=CC(=NN3C4=CC=CC(=C4)CN)C(F)(F)F)C5=CC=CC(=C5)C#N,"InChI=1S/C30H26F4N6O/c31-24-10-9-22(28(37-17-18-7-8-18)21-5-1-3-19(11-21)15-35)13-25(24)38-29(41)26-14-27(30(32,33)34)39-40(26)23-6-2-4-20(12-23)16-36/h1-6,9-14,18,28,37H,7-8,16-17,36H2,(H,38,41)/t28-/m1/s1",UXNXMBYCBRBRFD-MUUNZHRXSA-N,5430,berotralstat,1809010-50-1,berotralstat
5432,relugolix,relugolix,CN(C)CC1=C(SC2=C1C(=O)N(C(=O)N2CC3=C(C=CC=C3F)F)C4=NN=C(C=C4)OC)C5=CC=C(C=C5)NC(=O)NOC,"InChI=1S/C29H27F2N7O5S/c1-36(2)14-19-24-26(39)38(22-12-13-23(42-3)34-33-22)29(41)37(15-18-20(30)6-5-7-21(18)31)27(24)44-25(19)16-8-10-17(11-9-16)32-28(40)35-43-4/h5-13H,14-15H2,1-4H3,(H2,32,35,40)",AOMXMOCNKJTRQP-UHFFFAOYSA-N,5432,relugolix,737789-87-6,relugolix
5326,siponimod,siponimod,CCC1=CC(=CC=C1CN1CC(C1)C(O)=O)C(\C)=N\OCC1=CC=C(C2CCCCC2)C(=C1)C(F)(F)F,"InChI=1S/C29H35F3N2O3/c1-3-21-14-23(10-11-24(21)15-34-16-25(17-34)28(35)36)19(2)33-37-18-20-9-12-26(22-7-5-4-6-8-22)27(13-20)29(30,31)32/h9-14,22,25H,3-8,15-18H2,1-2H3,(H,35,36)/b33-19+",KIHYPELVXPAIDH-HNSNBQBZSA-N,5326,siponimod,1230487-009,siponimod
1426,imipenem,imipenem,C[C@@H](O)[C@@H]1[C@H]2CC(SCCNC=N)=C(N2C1=O)C(O)=O,"InChI=1S/C12H17N3O4S/c1-6(16)9-7-4-8(20-3-2-14-5-13)10(12(18)19)15(7)11(9)17/h5-7,9,16H,2-4H2,1H3,(H2,13,14)(H,18,19)/t6-,7-,9-/m1/s1",ZSKVGTPCRGIANV-ZXFLCMHBSA-N,1426,imipenem,64221-86-9,imipenem
5334,darolutamide,darolutamide,C[C@@H](CN1C=CC(=N1)C1=CC=C(C#N)C(Cl)=C1)NC(=O)C1=NNC(=C1)[C@@H](C)O,"InChI=1S/C19H19ClN6O2/c1-11(22-19(28)18-8-17(12(2)27)23-24-18)10-26-6-5-16(25-26)13-3-4-14(9-21)15(20)7-13/h3-8,11-12,27H,10H2,1-2H3,(H,22,28)(H,23,24)/t11-,12+/m0/s1",BLIJXOOIHRSQRB-NWDGAFQWSA-N,5334,darolutamide,1297538-32-9,darolutamide
5384,osilodrostat,osilodrostat,FC1=C(C=CC(=C1)C#N)[C@H]1CCC2=CN=CN12,"InChI=1S/C13H10FN3/c14-12-5-9(6-15)1-3-11(12)13-4-2-10-7-16-8-17(10)13/h1,3,5,7-8,13H,2,4H2/t13-/m1/s1",USUZGMWDZDXMDG-CYBMUJFWSA-N,5384,osilodrostat,928134-65-0,osilodrostat
5222,niraparib,niraparib,NC(=O)C1=CC=CC2=CN(N=C12)C1=CC=C(C=C1)[C@@H]1CCCNC1,"InChI=1S/C19H20N4O/c20-19(24)17-5-1-3-15-12-23(22-18(15)17)16-8-6-13(7-9-16)14-4-2-10-21-11-14/h1,3,5-9,12,14,21H,2,4,10-11H2,(H2,20,24)/t14-/m1/s1",PCHKPVIQAHNQLW-CQSZACIVSA-N,5222,niraparib,1038915-60-4,niraparib
5243,glecaprevir,glecaprevir,CC(C)(C)[C@@H]1NC(=O)O[C@@H]2CCC[C@H]2OC\C=C\C(F)(F)C2=NC3=CC=CC=C3N=C2O[C@@H]2C[C@H](N(C2)C1=O)C(=O)N[C@@]1(C[C@H]1C(F)F)C(=O)NS(=O)(=O)C1(C)CC1,"InChI=1S/C38H46F4N6O9S/c1-35(2,3)28-32(50)48-19-20(17-24(48)30(49)46-37(18-21(37)29(39)40)33(51)47-58(53,54)36(4)14-15-36)56-31-27(43-22-9-5-6-10-23(22)44-31)38(41,42)13-8-16-55-25-11-7-12-26(25)57-34(52)45-28/h5-6,8-10,13,20-21,24-26,28-29H,7,11-12,14-19H2,1-4H3,(H,45,52)(H,46,49)(H,47,51)/b13-8+/t20-,21+,24+,25-,26-,28-,37-/m1/s1",MLSQGNCUYAMAHD-ITNVBOSISA-N,5243,glecaprevir,1365970-03-1,glecaprevir
5244,pibrentasvir,pibrentasvir,CO[C@H](C)[C@H](NC(=O)OC)C(=O)N1CCC[C@H]1C1=NC2=CC([C@H]3CC[C@@H](N3C3=CC(F)=C(N4CCC(CC4)C4=CC=C(F)C=C4)C(F)=C3)C3=C(F)C=C4NC(=NC4=C3)[C@@H]3CCCN3C(=O)[C@@H](NC(=O)OC)[C@@H](C)OC)=C(F)C=C2N1,"InChI=1S/C57H65F5N10O8/c1-29(77-3)49(67-56(75)79-5)54(73)70-19-7-9-47(70)52-63-41-25-35(37(59)27-43(41)65-52)45-15-16-46(72(45)34-23-39(61)51(40(62)24-34)69-21-17-32(18-22-69)31-11-13-33(58)14-12-31)36-26-42-44(28-38(36)60)66-53(64-42)48-10-8-20-71(48)55(74)50(30(2)78-4)68-57(76)80-6/h11-14,23-30,32,45-50H,7-10,15-22H2,1-6H3,(H,63,65)(H,64,66)(H,67,75)(H,68,76)/t29-,30-,45-,46-,47+,48+,49+,50+/m1/s1",VJYSBPDEJWLKKJ-NLIMODCCSA-N,5244,pibrentasvir,1353900-92-1,pibrentasvir
5262,letermovir,letermovir,COC1=CC=CC(=C1)N1CCN(CC1)C1=NC2=C(C=CC=C2F)[C@H](CC(O)=O)N1C1=C(OC)C=CC(=C1)C(F)(F)F,"InChI=1S/C29H28F4N4O4/c1-40-20-6-3-5-19(16-20)35-11-13-36(14-12-35)28-34-27-21(7-4-8-22(27)30)23(17-26(38)39)37(28)24-15-18(29(31,32)33)9-10-25(24)41-2/h3-10,15-16,23H,11-14,17H2,1-2H3,(H,38,39)/t23-/m0/s1",FWYSMLBETOMXAG-QHCPKHFHSA-N,5262,letermovir,917389-32-3,letermovir
5267,semaglutide,semaglutide,CC[C@H](C)[C@H](NC(=O)[C@H](CC1=CC=CC=C1)NC(=O)[C@H](CCC(O)=O)NC(=O)[C@H](CCCCNC(=O)COCCOCCNC(=O)COCCOCCNC(=O)[C@H](CCC(O)=O)NC(=O)CCCCCCCCCCCCCCCCC(O)=O)NC(=O)[C@H](C)NC(=O)[C@H](C)NC(=O)[C@H](CCC(N)=O)NC(=O)CNC(=O)[C@H](CCC(O)=O)NC(=O)[C@H](CC(C)C)NC(=O)[C@H](CC1=CC=C(O)C=C1)NC(=O)[C@H](CO)NC(=O)[C@H](CO)NC(=O)[C@@H](NC(=O)[C@H](CC(O)=O)NC(=O)[C@H](CO)NC(=O)[C@@H](NC(=O)[C@H](CC1=CC=CC=C1)NC(=O)[C@@H](NC(=O)CNC(=O)[C@H](CCC(O)=O)NC(=O)C(C)(C)NC(=O)[C@@H](N)CC1=CNC=N1)[C@@H](C)O)[C@@H](C)O)C(C)C)C(=O)N[C@@H](C)C(=O)N[C@@H](CC1=CNC2=C1C=CC=C2)C(=O)N[C@@H](CC(C)C)C(=O)N[C@@H](C(C)C)C(=O)N[C@@H](CCCNC(N)=N)C(=O)NCC(=O)N[C@@H](CCCNC(N)=N)C(=O)NCC(O)=O,"InChI=1S/C187H291N45O59/c1-18-105(10)154(181(284)208-108(13)159(262)216-133(86-114-89-200-119-50-40-39-49-117(114)119)171(274)218-129(82-102(4)5)172(275)228-152(103(6)7)179(282)215-121(53-44-72-199-186(192)193)163(266)201-91-140(241)210-120(52-43-71-198-185(190)191)162(265)204-94-151(258)259)230-173(276)131(83-111-45-33-31-34-46-111)219-168(271)127(64-69-149(254)255)214-167(270)122(51-41-42-70-195-143(244)98-290-79-77-288-75-73-196-144(245)99-291-80-78-289-76-74-197-161(264)123(61-66-146(248)249)209-139(240)54-37-29-27-25-23-21-19-20-22-24-26-28-30-38-55-145(246)247)212-158(261)107(12)206-157(260)106(11)207-166(269)126(60-65-138(189)239)211-141(242)92-202-164(267)124(62-67-147(250)251)213-169(272)128(81-101(2)3)217-170(273)130(85-113-56-58-116(238)59-57-113)220-176(279)135(95-233)223-178(281)137(97-235)224-180(283)153(104(8)9)229-175(278)134(88-150(256)257)221-177(280)136(96-234)225-183(286)156(110(15)237)231-174(277)132(84-112-47-35-32-36-48-112)222-182(285)155(109(14)236)227-142(243)93-203-165(268)125(63-68-148(252)253)226-184(287)187(16,17)232-160(263)118(188)87-115-90-194-100-205-115/h31-36,39-40,45-50,56-59,89-90,100-110,118,120-137,152-156,200,233-238H,18-30,37-38,41-44,51-55,60-88,91-99,188H2,1-17H3,(H2,189,239)(H,194,205)(H,195,244)(H,196,245)(H,197,264)(H,201,266)(H,202,267)(H,203,268)(H,204,265)(H,206,260)(H,207,269)(H,208,284)(H,209,240)(H,210,241)(H,211,242)(H,212,261)(H,213,272)(H,214,270)(H,215,282)(H,216,262)(H,217,273)(H,218,274)(H,219,271)(H,220,279)(H,221,280)(H,222,285)(H,223,281)(H,224,283)(H,225,286)(H,226,287)(H,227,243)(H,228,275)(H,229,278)(H,230,276)(H,231,277)(H,232,263)(H,246,247)(H,248,249)(H,250,251)(H,252,253)(H,254,255)(H,256,257)(H,258,259)(H4,190,191,198)(H4,192,193,199)/t105-,106-,107-,108-,109+,110+,118-,120-,121-,122-,123-,124-,125-,126-,127-,128-,129-,130-,131-,132-,133-,134-,135-,136-,137-,152-,153-,154-,155-,156-/m0/s1",YAADDGYZMCRWRC-CIIFZSTISA-N,5267,semaglutide,910463-68-2,semaglutide
5274,bictegravir,bictegravir,OC1=C2N(C[C@H]3O[C@@H]4CC[C@@H](C4)N3C2=O)C=C(C(=O)NCC2=C(F)C=C(F)C=C2F)C1=O,"InChI=1S/C21H18F3N3O5/c22-9-3-14(23)12(15(24)4-9)6-25-20(30)13-7-26-8-16-27(10-1-2-11(5-10)32-16)21(31)17(26)19(29)18(13)28/h3-4,7,10-11,16,29H,1-2,5-6,8H2,(H,25,30)/t10-,11+,16+/m0/s1",SOLUWJRYJLAZCX-LYOVBCGYSA-N,5274,bictegravir,1611493-60-7,bictegravir
5290,binimetinib,binimetinib,CN1C=NC2=C(F)C(NC3=CC=C(Br)C=C3F)=C(C=C12)C(=O)NOCCO,"InChI=1S/C17H15BrF2N4O3/c1-24-8-21-16-13(24)7-10(17(26)23-27-5-4-25)15(14(16)20)22-12-3-2-9(18)6-11(12)19/h2-3,6-8,22,25H,4-5H2,1H3,(H,23,26)",ACWZRVQXLIRSDF-UHFFFAOYSA-N,5290,binimetinib,606143-89-9,binimetinib
5259,abemaciclib,abemaciclib,CCN1CCN(CC2=CC=C(NC3=NC=C(F)C(=N3)C3=CC(F)=C4N=C(C)N(C(C)C)C4=C3)N=C2)CC1,"InChI=1S/C27H32F2N8/c1-5-35-8-10-36(11-9-35)16-19-6-7-24(30-14-19)33-27-31-15-22(29)25(34-27)20-12-21(28)26-23(13-20)37(17(2)3)18(4)32-26/h6-7,12-15,17H,5,8-11,16H2,1-4H3,(H,30,31,33,34)",UZWDCWONPYILKI-UHFFFAOYSA-N,5259,abemaciclib,1231929-97-7,abemaciclib
1539,lamivudine,lamivudine,NC1=NC(=O)N(C=C1)[C@@H]1CS[C@H](CO)O1,"InChI=1S/C8H11N3O3S/c9-5-1-2-11(8(13)10-5)6-4-15-7(3-12)14-6/h1-2,6-7,12H,3-4H2,(H2,9,10,13)/t6-,7+/m0/s1",JTEGQNOMFQHVDC-NKWVEPMBSA-N,1539,lamivudine,134678-17-4,lamivudine
5014,brexpiprazole,brexpiprazole,O=C1NC2=C(C=C1)C=CC(OCCCCN1CCN(CC1)C1=C3C=CSC3=CC=C1)=C2,"InChI=1S/C25H27N3O2S/c29-25-9-7-19-6-8-20(18-22(19)26-25)30-16-2-1-11-27-12-14-28(15-13-27)23-4-3-5-24-21(23)10-17-31-24/h3-10,17-18H,1-2,11-16H2,(H,26,29)",ZKIAIYBUSXZPLP-UHFFFAOYSA-N,5014,brexpiprazole,913611-97-9,brexpiprazole
5233,brigatinib,brigatinib,COC1=C(NC2=NC=C(Cl)C(NC3=CC=CC=C3P(C)(C)=O)=N2)C=CC(=C1)N1CCC(CC1)N1CCN(C)CC1,"InChI=1S/C29H39ClN7O2P/c1-35-15-17-37(18-16-35)21-11-13-36(14-12-21)22-9-10-24(26(19-22)39-2)33-29-31-20-23(30)28(34-29)32-25-7-5-6-8-27(25)40(3,4)38/h5-10,19-21H,11-18H2,1-4H3,(H2,31,32,33,34)",AILRADAXUVEEIR-UHFFFAOYSA-N,5233,brigatinib,1197953-54-0,brigatinib
3317,lenalidomide,lenalidomide,NC1=C2CN(C3CCC(=O)NC3=O)C(=O)C2=CC=C1,"InChI=1S/C13H13N3O3/c14-9-3-1-2-7-8(9)6-16(13(7)19)10-4-5-11(17)15-12(10)18/h1-3,10H,4-6,14H2,(H,15,17,18)",GOTYRUGSSMKFNF-UHFFFAOYSA-N,3317,lenalidomide,191732-72-6,lenalidomide
4113,prasugrel,prasugrel,CC(=O)OC1=CC2=C(CCN(C2)C(C(=O)C2CC2)C2=C(F)C=CC=C2)S1,"InChI=1S/C20H20FNO3S/c1-12(23)25-18-10-14-11-22(9-8-17(14)26-18)19(20(24)13-6-7-13)15-4-2-3-5-16(15)21/h2-5,10,13,19H,6-9,11H2,1H3",DTGLZDAWLRGWQN-UHFFFAOYSA-N,4113,prasugrel,150322-43-3,prasugrel
5295,doravirine,doravirine,CN1C(=O)NN=C1CN1C=CC(=C(OC2=CC(=CC(Cl)=C2)C#N)C1=O)C(F)(F)F,"InChI=1S/C17H11ClF3N5O3/c1-25-13(23-24-16(25)28)8-26-3-2-12(17(19,20)21)14(15(26)27)29-11-5-9(7-22)4-10(18)6-11/h2-6H,8H2,1H3,(H,24,28)",ZIAOVIPSKUPPQW-UHFFFAOYSA-N,5295,doravirine,1338225-97-0,doravirine
4337,ambrisentan,ambrisentan,COC([C@H](OC1=NC(C)=CC(C)=N1)C(O)=O)(C1=CC=CC=C1)C1=CC=CC=C1,"InChI=1S/C22H22N2O4/c1-15-14-16(2)24-21(23-15)28-19(20(25)26)22(27-3,17-10-6-4-7-11-17)18-12-8-5-9-13-18/h4-14,19H,1-3H3,(H,25,26)/t19-/m1/s1",OUJTZYPIHDYQMC-LJQANCHMSA-N,4337,ambrisentan,177036-94-1,ambrisentan
5278,apalutamide,apalutamide,CNC(=O)C1=CC=C(C=C1F)N1C(=S)N(C(=O)C11CCC1)C1=CC(=C(N=C1)C#N)C(F)(F)F,"InChI=1S/C21H15F4N5O2S/c1-27-17(31)13-4-3-11(8-15(13)22)30-19(33)29(18(32)20(30)5-2-6-20)12-7-14(21(23,24)25)16(9-26)28-10-12/h3-4,7-8,10H,2,5-6H2,1H3,(H,27,31)",HJBWBFZLDZWPHF-UHFFFAOYSA-N,5278,apalutamide,956104-40-8,apalutamide
5059,lusutrombopag,lusutrombopag,CCCCCCO[C@@H](C)C1=CC=CC(C2=CSC(NC(=O)C3=CC(Cl)=C(\C=C(/C)C(O)=O)C(Cl)=C3)=N2)=C1OC,"InChI=1S/C29H32Cl2N2O5S/c1-5-6-7-8-12-38-18(3)20-10-9-11-21(26(20)37-4)25-16-39-29(32-25)33-27(34)19-14-23(30)22(24(31)15-19)13-17(2)28(35)36/h9-11,13-16,18H,5-8,12H2,1-4H3,(H,35,36)(H,32,33,34)/b17-13+/t18-/m0/s1",NOZIJMHMKORZBA-KJCUYJGMSA-N,5059,lusutrombopag,1110766-97-6,lusutrombopag
5297,dacomitinib,dacomitinib,COC1=CC2=NC=NC(NC3=CC=C(F)C(Cl)=C3)=C2C=C1NC(=O)\C=C\CN1CCCCC1,"InChI=1S/C24H25ClFN5O2/c1-33-22-14-20-17(24(28-15-27-20)29-16-7-8-19(26)18(25)12-16)13-21(22)30-23(32)6-5-11-31-9-3-2-4-10-31/h5-8,12-15H,2-4,9-11H2,1H3,(H,30,32)(H,27,28,29)/b6-5+",LVXJQMNHJWSHET-AATRIKPKSA-N,5297,dacomitinib,1110813-31-4,dacomitinib
5302,lorlatinib,lorlatinib,C[C@H]1OC2=C(N)N=CC(=C2)C2=C(C#N)N(C)N=C2CN(C)C(=O)C2=CC=C(F)C=C12,"InChI=1S/C21H19FN6O2/c1-11-15-7-13(22)4-5-14(15)21(29)27(2)10-16-19(17(8-23)28(3)26-16)12-6-18(30-11)20(24)25-9-12/h4-7,9,11H,10H2,1-3H3,(H2,24,25)/t11-/m1/s1",IIXWYSCJSQVBQM-LLVKDONJSA-N,5302,lorlatinib,1454846-35-5,lorlatinib
2044,paclitaxel,paclitaxel,CC(=O)O[C@@H]1C2=C(C)[C@H](C[C@@](O)([C@@H](OC(=O)C3=CC=CC=C3)[C@@H]3[C@@]4(CO[C@@H]4C[C@H](O)[C@@]3(C)C1=O)OC(C)=O)C2(C)C)OC(=O)[C@H](O)[C@@H](NC(=O)C1=CC=CC=C1)C1=CC=CC=C1,"InChI=1S/C47H51NO14/c1-25-31(60-43(56)36(52)35(28-16-10-7-11-17-28)48-41(54)29-18-12-8-13-19-29)23-47(57)40(61-42(55)30-20-14-9-15-21-30)38-45(6,32(51)22-33-46(38,24-58-33)62-27(3)50)39(53)37(59-26(2)49)34(25)44(47,4)5/h7-21,31-33,35-38,40,51-52,57H,22-24H2,1-6H3,(H,48,54)/t31-,32-,33+,35-,36+,37+,38-,40-,45+,46-,47+/m0/s1",RCINICONZNJXQF-MZXODVADSA-N,2044,paclitaxel,33069-62-4,paclitaxel
391,bortezomib,bortezomib,CC(C)C[C@H](NC(=O)[C@H](CC1=CC=CC=C1)NC(=O)C1=CN=CC=N1)B(O)O,"InChI=1S/C19H25BN4O4/c1-13(2)10-17(20(27)28)24-18(25)15(11-14-6-4-3-5-7-14)23-19(26)16-12-21-8-9-22-16/h3-9,12-13,15,17,27-28H,10-11H2,1-2H3,(H,23,26)(H,24,25)/t15-,17-/m0/s1",GXJABQQUPOEUTA-RDJZCZTQSA-N,391,bortezomib,179324-69-7,bortezomib
5306,gilteritinib,gilteritinib,CCC1=NC(C(N)=O)=C(NC2=CC=C(N3CCC(CC3)N3CCN(C)CC3)C(OC)=C2)N=C1NC1CCOCC1,"InChI=1S/C29H44N8O3/c1-4-23-28(31-20-9-17-40-18-10-20)34-29(26(33-23)27(30)38)32-21-5-6-24(25(19-21)39-3)37-11-7-22(8-12-37)36-15-13-35(2)14-16-36/h5-6,19-20,22H,4,7-18H2,1-3H3,(H2,30,38)(H2,31,32,34)",GYQYAJJFPNQOOW-UHFFFAOYSA-N,5306,gilteritinib,1254053-43-4,gilteritinib
5305,larotrectinib,larotrectinib,O[C@H]1CCN(C1)C(=O)NC1=C2N=C(C=CN2N=C1)N1CCC[C@@H]1C1=CC(F)=CC=C1F,"InChI=1S/C21H22F2N6O2/c22-13-3-4-16(23)15(10-13)18-2-1-7-28(18)19-6-9-29-20(26-19)17(11-24-29)25-21(31)27-8-5-14(30)12-27/h3-4,6,9-11,14,18,30H,1-2,5,7-8,12H2,(H,25,31)/t14-,18+/m0/s1",NYNZQNWKBKUAII-KBXCAEBGSA-N,5305,larotrectinib,1223403-58-4,larotrectinib
25,azacitidine,azacitidine,NC1=NC(=O)N(C=N1)[C@@H]1O[C@H](CO)[C@@H](O)[C@H]1O,"InChI=1S/C8H12N4O5/c9-7-10-2-12(8(16)11-7)6-5(15)4(14)3(1-13)17-6/h2-6,13-15H,1H2,(H2,9,11,16)/t3-,4-,5-,6-/m1/s1",NMUSYJAQQFHJEW-KVTDHHQDSA-N,25,azacitidine,320-67-2,azacitidine
3483,posaconazole,posaconazole,CC[C@@H]([C@H](C)O)N1N=CN(C1=O)C1=CC=C(C=C1)N1CCN(CC1)C1=CC=C(OC[C@@H]2CO[C@](CN3C=NC=N3)(C2)C2=CC=C(F)C=C2F)C=C1,"InChI=1S/C37H42F2N8O4/c1-3-35(26(2)48)47-36(49)46(25-42-47)31-7-5-29(6-8-31)43-14-16-44(17-15-43)30-9-11-32(12-10-30)50-20-27-19-37(51-21-27,22-45-24-40-23-41-45)33-13-4-28(38)18-34(33)39/h4-13,18,23-27,35,48H,3,14-17,19-22H2,1-2H3/t26-,27+,35-,37-/m0/s1",RAGOYPUPXAKGKH-XAKZXMRKSA-N,3483,posaconazole,171228-49-2,posaconazole
5346,upadacitinib,upadacitinib,CC[C@@H]1CN(C[C@@H]1C1=CN=C2C=NC3=C(C=CN3)N12)C(=O)NCC(F)(F)F,"InChI=1S/C17H19F3N6O/c1-2-10-7-25(16(27)24-9-17(18,19)20)8-11(10)13-5-22-14-6-23-15-12(26(13)14)3-4-21-15/h3-6,10-11,21H,2,7-9H2,1H3,(H,24,27)/t10-,11+/m1/s1",WYQFJHHDOKWSHR-MNOVXSKESA-N,5346,upadacitinib,1310726-60-3,upadacitinib
5133,venetoclax,venetoclax,CC1(C)CCC(CN2CCN(CC2)C2=CC(OC3=CC4=C(NC=C4)N=C3)=C(C=C2)C(=O)NS(=O)(=O)C2=CC(=C(NCC3CCOCC3)C=C2)[N+]([O-])=O)=C(C1)C1=CC=C(Cl)C=C1,"InChI=1S/C45H50ClN7O7S/c1-45(2)15-11-33(39(26-45)31-3-5-34(46)6-4-31)29-51-17-19-52(20-18-51)35-7-9-38(42(24-35)60-36-23-32-12-16-47-43(32)49-28-36)44(54)50-61(57,58)37-8-10-40(41(25-37)53(55)56)48-27-30-13-21-59-22-14-30/h3-10,12,16,23-25,28,30,48H,11,13-15,17-22,26-27,29H2,1-2H3,(H,47,49)(H,50,54)",LQBVNQSMGBZMKD-UHFFFAOYSA-N,5133,venetoclax,1257044-40-8,venetoclax
5202,baricitinib,baricitinib,CCS(=O)(=O)N1CC(CC#N)(C1)N1C=C(C=N1)C1=NC=NC2=C1C=CN2,"InChI=1S/C16H17N7O2S/c1-2-26(24,25)22-9-16(10-22,4-5-17)23-8-12(7-21-23)14-13-3-6-18-15(13)20-11-19-14/h3,6-8,11H,2,4,9-10H2,1H3,(H,18,19,20)",XUZMWHLSFXCVMG-UHFFFAOYSA-N,5202,baricitinib,1187594-09-7,baricitinib
4937,alectinib,alectinib,CCC1=CC2=C(C=C1N1CCC(CC1)N1CCOCC1)C(C)(C)C1=C(C3=CC=C(C=C3N1)C#N)C2=O,"InChI=1S/C30H34N4O2/c1-4-20-16-23-24(17-26(20)34-9-7-21(8-10-34)33-11-13-36-14-12-33)30(2,3)29-27(28(23)35)22-6-5-19(18-31)15-25(22)32-29/h5-6,15-17,21,32H,4,7-14H2,1-3H3",KDGFLJKFZUIJMX-UHFFFAOYSA-N,4937,alectinib,1256580-46-7,alectinib
4941,palbociclib,palbociclib,CC(=O)C1=C(C)C2=C(N=C(NC3=NC=C(C=C3)N3CCNCC3)N=C2)N(C2CCCC2)C1=O,"InChI=1S/C24H29N7O2/c1-15-19-14-27-24(28-20-8-7-18(13-26-20)30-11-9-25-10-12-30)29-22(19)31(17-5-3-4-6-17)23(33)21(15)16(2)32/h7-8,13-14,17,25H,3-6,9-12H2,1-2H3,(H,26,27,28,29)",AHJRHEGDXFFMBM-UHFFFAOYSA-N,4941,palbociclib,571190-30-2,palbociclib
5067,ixazomib,ixazomib,CC(C)C[C@H](NC(=O)CNC(=O)C1=C(Cl)C=CC(Cl)=C1)B(O)O,"InChI=1S/C14H19BCl2N2O4/c1-8(2)5-12(15(22)23)19-13(20)7-18-14(21)10-6-9(16)3-4-11(10)17/h3-4,6,8,12,22-23H,5,7H2,1-2H3,(H,18,21)(H,19,20)/t12-/m0/s1",MXAYKZJJDUDWDS-LBPRGKRZSA-N,5067,ixazomib,1072833-77-2,ixazomib
4715,cabozantinib,cabozantinib,COC1=CC2=NC=CC(OC3=CC=C(NC(=O)C4(CC4)C(=O)NC4=CC=C(F)C=C4)C=C3)=C2C=C1OC,"InChI=1S/C28H24FN3O5/c1-35-24-15-21-22(16-25(24)36-2)30-14-11-23(21)37-20-9-7-19(8-10-20)32-27(34)28(12-13-28)26(33)31-18-5-3-17(29)4-6-18/h3-11,14-16H,12-13H2,1-2H3,(H,31,33)(H,32,34)",ONIQOQHATWINJY-UHFFFAOYSA-N,4715,cabozantinib,849217-68-1,cabozantinib
5110,migalastat,migalastat,OC[C@H]1NC[C@H](O)[C@@H](O)[C@H]1O,"InChI=1S/C6H13NO4/c8-2-3-5(10)6(11)4(9)1-7-3/h3-11H,1-2H2/t3-,4+,5+,6-/m1/s1",LXBIFEVIBLOUGU-DPYQTVNSSA-N,5110,migalastat,108147-54-2,migalastat
5143,opicapone,opicapone,CC1=C(C2=NOC(=N2)C2=CC(O)=C(O)C(=C2)[N+]([O-])=O)C(Cl)=[N+]([O-])C(C)=C1Cl,"InChI=1S/C15H10Cl2N4O6/c1-5-10(13(17)20(24)6(2)11(5)16)14-18-15(27-19-14)7-3-8(21(25)26)12(23)9(22)4-7/h3-4,22-23H,1-2H3",ASOADIZOVZTJSR-UHFFFAOYSA-N,5143,opicapone,923287-50-7,opicapone
4514,teriparatide,teriparatide,CC[C@H](C)[C@H](NC(=O)[C@H](CCC(O)=O)NC(=O)[C@H](CO)NC(=O)[C@@H](NC(=O)[C@@H](N)CO)C(C)C)C(=O)N[C@@H](CCC(N)=O)C(=O)N[C@@H](CC(C)C)C(=O)N[C@@H](CCSC)C(=O)N[C@@H](CC1=CNC=N1)C(=O)N[C@@H](CC(N)=O)C(=O)N[C@@H](CC(C)C)C(=O)NCC(=O)N[C@@H](CCCCN)C(=O)N[C@@H](CC1=CNC=N1)C(=O)N[C@@H](CC(C)C)C(=O)N[C@@H](CC(N)=O)C(=O)N[C@@H](CO)C(=O)N[C@@H](CCSC)C(=O)N[C@@H](CCC(O)=O)C(=O)N[C@@H](CCCNC(N)=N)C(=O)N[C@@H](C(C)C)C(=O)N[C@@H](CCC(O)=O)C(=O)N[C@@H](CC1=CNC2=C1C=CC=C2)C(=O)N[C@@H](CC(C)C)C(=O)N[C@@H](CCCNC(N)=N)C(=O)N[C@@H](CCCCN)C(=O)N[C@@H](CCCCN)C(=O)N[C@@H](CC(C)C)C(=O)N[C@@H](CCC(N)=O)C(=O)N[C@@H](CC(O)=O)C(=O)N[C@@H](C(C)C)C(=O)N[C@@H](CC1=CNC=N1)C(=O)N[C@@H](CC(N)=O)C(=O)N[C@@H](CC1=CC=CC=C1)C(O)=O,"InChI=1S/C181H291N55O51S2/c1-21-96(18)146(236-160(267)114(48-53-141(250)251)212-174(281)132(84-239)232-177(284)143(93(12)13)233-147(254)103(185)82-237)178(285)216-111(45-50-134(187)241)155(262)219-119(65-90(6)7)163(270)213-116(55-62-289-20)158(265)224-124(71-100-79-196-86-203-100)167(274)226-126(73-135(188)242)169(276)217-117(63-88(2)3)148(255)201-81-138(245)205-105(39-27-30-56-182)149(256)223-123(70-99-78-195-85-202-99)166(273)221-121(67-92(10)11)164(271)225-128(75-137(190)244)171(278)231-131(83-238)173(280)214-115(54-61-288-19)157(264)210-112(46-51-139(246)247)153(260)208-109(43-34-60-199-181(193)194)159(266)234-144(94(14)15)175(282)215-113(47-52-140(248)249)156(263)222-122(69-98-77-200-104-38-26-25-37-102(98)104)165(272)220-120(66-91(8)9)161(268)209-108(42-33-59-198-180(191)192)151(258)206-106(40-28-31-57-183)150(257)207-107(41-29-32-58-184)152(259)218-118(64-89(4)5)162(269)211-110(44-49-133(186)240)154(261)228-129(76-142(252)253)172(279)235-145(95(16)17)176(283)229-125(72-101-80-197-87-204-101)168(275)227-127(74-136(189)243)170(277)230-130(179(286)287)68-97-35-23-22-24-36-97/h22-26,35-38,77-80,85-96,103,105-132,143-146,200,237-239H,21,27-34,39-76,81-84,182-185H2,1-20H3,(H2,186,240)(H2,187,241)(H2,188,242)(H2,189,243)(H2,190,244)(H,195,202)(H,196,203)(H,197,204)(H,201,255)(H,205,245)(H,206,258)(H,207,257)(H,208,260)(H,209,268)(H,210,264)(H,211,269)(H,212,281)(H,213,270)(H,214,280)(H,215,282)(H,216,285)(H,217,276)(H,218,259)(H,219,262)(H,220,272)(H,221,273)(H,222,263)(H,223,256)(H,224,265)(H,225,271)(H,226,274)(H,227,275)(H,228,261)(H,229,283)(H,230,277)(H,231,278)(H,232,284)(H,233,254)(H,234,266)(H,235,279)(H,236,267)(H,246,247)(H,248,249)(H,250,251)(H,252,253)(H,286,287)(H4,191,192,198)(H4,193,194,199)/t96-,103-,105-,106-,107-,108-,109-,110-,111-,112-,113-,114-,115-,116-,117-,118-,119-,120-,121-,122-,123-,124-,125-,126-,127-,128-,129-,130-,131-,132-,143-,144-,145-,146-/m0/s1",OGBMKVWORPGQRR-UMXFMPSGSA-N,4514,teriparatide,52232-67-4,teriparatide
5062,osimertinib,osimertinib,COC1=C(NC2=NC=CC(=N2)C2=CN(C)C3=C2C=CC=C3)C=C(NC(=O)C=C)C(=C1)N(C)CCN(C)C,"InChI=1S/C28H33N7O2/c1-7-27(36)30-22-16-23(26(37-6)17-25(22)34(4)15-14-33(2)3)32-28-29-13-12-21(31-28)20-18-35(5)24-11-9-8-10-19(20)24/h7-13,16-18H,1,14-15H2,2-6H3,(H,30,36)(H,29,31,32)",DUYJMQONPNNFPI-UHFFFAOYSA-N,5062,osimertinib,1421373-65-0,osimertinib
5012,sacubitril,sacubitril,CCOC(=O)[C@H](C)C[C@@H](CC1=CC=C(C=C1)C1=CC=CC=C1)NC(=O)CCC(O)=O,"InChI=1S/C24H29NO5/c1-3-30-24(29)17(2)15-21(25-22(26)13-14-23(27)28)16-18-9-11-20(12-10-18)19-7-5-4-6-8-19/h4-12,17,21H,3,13-16H2,1-2H3,(H,25,26)(H,27,28)/t17-,21+/m1/s1",PYNXFZCZUAOOQC-UTKZUKDTSA-N,5012,sacubitril,149709-62-6,sacubitril
4815,lixisenatide,lixisenatide,CC[C@H](C)[C@H](NC(=O)[C@H](CC1=CC=CC=C1)NC(=O)[C@H](CC(C)C)NC(=O)[C@H](CCCNC(N)=N)NC(=O)[C@@H](NC(=O)[C@H](C)NC(=O)[C@H](CCC(O)=O)NC(=O)[C@H](CCC(O)=O)NC(=O)[C@H](CCC(O)=O)NC(=O)[C@H](CCSC)NC(=O)[C@H](CCC(N)=O)NC(=O)[C@H](CCCCN)NC(=O)[C@H](CO)NC(=O)[C@H](CC(C)C)NC(=O)[C@H](CC(O)=O)NC(=O)[C@H](CO)NC(=O)[C@@H](NC(=O)[C@H](CC1=CC=CC=C1)NC(=O)[C@@H](NC(=O)CNC(=O)[C@H](CCC(O)=O)NC(=O)CNC(=O)[C@@H](N)CC1=CNC=N1)[C@@H](C)O)[C@@H](C)O)C(C)C)C(=O)N[C@@H](CCC(O)=O)C(=O)N[C@@H](CC1=CNC2=C1C=CC=C2)C(=O)N[C@@H](CC(C)C)C(=O)N[C@@H](CCCCN)C(=O)N[C@@H](CC(N)=O)C(=O)NCC(=O)NCC(=O)N1CCC[C@H]1C(=O)N[C@@H](CO)C(=O)N[C@@H](CO)C(=O)NCC(=O)N[C@@H](C)C(=O)N1CCC[C@H]1C(=O)N1CCC[C@H]1C(=O)N[C@@H](CO)C(=O)N[C@@H](CCCCN)C(=O)N[C@@H](CCCCN)C(=O)N[C@@H](CCCCN)C(=O)N[C@@H](CCCCN)C(=O)N[C@@H](CCCCN)C(=O)N[C@@H](CCCCN)C(N)=O,"InChI=1S/C215H347N61O65S/c1-16-115(10)173(210(337)256-141(68-74-170(299)300)194(321)261-148(94-122-98-232-126-50-24-23-49-124(122)126)199(326)258-143(89-111(2)3)196(323)247-134(58-32-40-83-223)189(316)262-149(96-160(226)285)180(307)235-100-161(286)233-104-165(290)274-85-42-60-156(274)207(334)267-154(108-280)206(333)265-151(105-277)181(308)237-101-162(287)239-117(12)213(340)276-87-44-62-158(276)214(341)275-86-43-61-157(275)208(335)268-153(107-279)204(331)249-132(56-30-38-81-221)187(314)246-131(55-29-37-80-220)186(313)245-130(54-28-36-79-219)185(312)244-129(53-27-35-78-218)184(311)243-128(52-26-34-77-217)183(310)242-127(176(227)303)51-25-33-76-216)272-201(328)146(92-120-45-19-17-20-46-120)260-197(324)144(90-112(4)5)257-190(317)135(59-41-84-231-215(228)229)255-209(336)172(114(8)9)271-177(304)116(11)240-182(309)138(65-71-167(293)294)251-192(319)139(66-72-168(295)296)252-193(320)140(67-73-169(297)298)253-195(322)142(75-88-342-15)254-191(318)137(63-69-159(225)284)250-188(315)133(57-31-39-82-222)248-203(330)152(106-278)266-198(325)145(91-113(6)7)259-200(327)150(97-171(301)302)263-205(332)155(109-281)269-212(339)175(119(14)283)273-202(329)147(93-121-47-21-18-22-48-121)264-211(338)174(118(13)282)270-164(289)103-236-179(306)136(64-70-166(291)292)241-163(288)102-234-178(305)125(224)95-123-99-230-110-238-123/h17-24,45-50,98-99,110-119,125,127-158,172-175,232,277-283H,16,25-44,51-97,100-109,216-224H2,1-15H3,(H2,225,284)(H2,226,285)(H2,227,303)(H,230,238)(H,233,286)(H,234,305)(H,235,307)(H,236,306)(H,237,308)(H,239,287)(H,240,309)(H,241,288)(H,242,310)(H,243,311)(H,244,312)(H,245,313)(H,246,314)(H,247,323)(H,248,330)(H,249,331)(H,250,315)(H,251,319)(H,252,320)(H,253,322)(H,254,318)(H,255,336)(H,256,337)(H,257,317)(H,258,326)(H,259,327)(H,260,324)(H,261,321)(H,262,316)(H,263,332)(H,264,338)(H,265,333)(H,266,325)(H,267,334)(H,268,335)(H,269,339)(H,270,289)(H,271,304)(H,272,328)(H,273,329)(H,291,292)(H,293,294)(H,295,296)(H,297,298)(H,299,300)(H,301,302)(H4,228,229,231)/t115-,116-,117-,118+,119+,125-,127-,128-,129-,130-,131-,132-,133-,134-,135-,136-,137-,138-,139-,140-,141-,142-,143-,144-,145-,146-,147-,148-,149-,150-,151-,152-,153-,154-,155-,156-,157-,158-,172-,173-,174-,175-/m0/s1",XVVOERDUTLJJHN-IAEQDCLQSA-N,4815,lixisenatide,320367-13-3,lixisenatide
4310,lacosamide,lacosamide,COC[C@@H](NC(C)=O)C(=O)NCC1=CC=CC=C1,"InChI=1S/C13H18N2O3/c1-10(16)15-12(9-18-2)13(17)14-8-11-6-4-3-5-7-11/h3-7,12H,8-9H2,1-2H3,(H,14,17)(H,15,16)/t12-/m1/s1",VPPJLAIAVCUEMN-GFCCVEGCSA-N,4310,lacosamide,175481-36-4,lacosamide
4186,icatibant,icatibant,N[C@H](CCCNC(N)=N)C(=O)N[C@@H](CCCNC(N)=N)C(=O)N1CCC[C@H]1C(=O)N1C[C@H](O)C[C@H]1C(=O)NCC(=O)N[C@@H](CC1=CC=CS1)C(=O)N[C@@H](CO)C(=O)N1CC2=C(C[C@@H]1C(=O)N1[C@H]3CCCC[C@H]3C[C@H]1C(=O)N[C@@H](CCCNC(N)=N)C(O)=O)C=CC=C2,"InChI=1S/C59H89N19O13S/c60-37(14-5-19-67-57(61)62)48(82)72-38(15-6-20-68-58(63)64)52(86)75-22-8-18-43(75)54(88)77-30-35(80)26-44(77)50(84)70-28-47(81)71-40(27-36-13-9-23-92-36)49(83)74-41(31-79)53(87)76-29-34-12-2-1-10-32(34)24-46(76)55(89)78-42-17-4-3-11-33(42)25-45(78)51(85)73-39(56(90)91)16-7-21-69-59(65)66/h1-2,9-10,12-13,23,33,35,37-46,79-80H,3-8,11,14-22,24-31,60H2,(H,70,84)(H,71,81)(H,72,82)(H,73,85)(H,74,83)(H,90,91)(H4,61,62,67)(H4,63,64,68)(H4,65,66,69)/t33-,35+,37+,38-,39-,40-,41-,42-,43-,44-,45-,46+/m0/s1",QURWXBZNHXJZBE-SKXRKSCCSA-N,4186,icatibant,130308-48-4,icatibant
4897,edoxaban,edoxaban,CN(C)C(=O)[C@H]1CC[C@H](NC(=O)C(=O)NC2=CC=C(Cl)C=N2)[C@@H](C1)NC(=O)C1=NC2=C(CN(C)CC2)S1,"InChI=1S/C24H30ClN7O4S/c1-31(2)24(36)13-4-6-15(27-20(33)21(34)30-19-7-5-14(25)11-26-19)17(10-13)28-22(35)23-29-16-8-9-32(3)12-18(16)37-23/h5,7,11,13,15,17H,4,6,8-10,12H2,1-3H3,(H,27,33)(H,28,35)(H,26,30,34)/t13-,15-,17+/m0/s1",HGVDHZBSSITLCT-JLJPHGGASA-N,4897,edoxaban,480449-70-5,edoxaban
1003,emtricitabine,emtricitabine,NC1=NC(=O)N(C=C1F)[C@@H]1CS[C@H](CO)O1,"InChI=1S/C8H10FN3O3S/c9-4-1-12(8(14)11-7(4)10)5-3-16-6(2-13)15-5/h1,5-6,13H,2-3H2,(H2,10,11,14)/t5-,6+/m0/s1",XQSPYNMVSIKCOC-NTSWFWBYSA-N,1003,emtricitabine,143491-57-0,emtricitabine
4801,dabrafenib,dabrafenib,CC(C)(C)C1=NC(=C(S1)C1=NC(N)=NC=C1)C1=C(F)C(NS(=O)(=O)C2=C(F)C=CC=C2F)=CC=C1,"InChI=1S/C23H20F3N5O2S2/c1-23(2,3)21-30-18(19(34-21)16-10-11-28-22(27)29-16)12-6-4-9-15(17(12)26)31-35(32,33)20-13(24)7-5-8-14(20)25/h4-11,31H,1-3H3,(H2,27,28,29)",BFSMGDJOXZAERB-UHFFFAOYSA-N,4801,dabrafenib,1195765-45-7,dabrafenib
2046,palonosetron,palonosetron,O=C1N(C[C@H]2CCCC3=CC=CC1=C23)[C@@H]1CN2CCC1CC2,"InChI=1S/C19H24N2O/c22-19-16-6-2-4-14-3-1-5-15(18(14)16)11-21(19)17-12-20-9-7-13(17)8-10-20/h2,4,6,13,15,17H,1,3,5,7-12H2/t15-,17-/m1/s1",CPZBLNMUGSZIPR-NVXWUHKLSA-N,2046,palonosetron,135729-61-2,palonosetron
242,aripiprazole,aripiprazole,ClC1=CC=CC(N2CCN(CCCCOC3=CC=C4CCC(=O)NC4=C3)CC2)=C1Cl,"InChI=1S/C23H27Cl2N3O2/c24-19-4-3-5-21(23(19)25)28-13-11-27(12-14-28)10-1-2-15-30-18-8-6-17-7-9-22(29)26-20(17)16-18/h3-6,8,16H,1-2,7,9-15H2,(H,26,29)",CEUORZQYGODEFX-UHFFFAOYSA-N,242,aripiprazole,129722-12-9,aripiprazole
4164,liraglutide,liraglutide,CCCCCCCCCCCCCCCC(=O)N[C@@H](CCC(=O)NCCCC[C@H](NC(=O)[C@H](C)NC(=O)[C@H](C)NC(=O)[C@H](CCC(N)=O)NC(=O)CNC(=O)[C@H](CCC(O)=O)NC(=O)[C@H](CC(C)C)NC(=O)[C@H](CC1=CC=C(O)C=C1)NC(=O)[C@H](CO)NC(=O)[C@H](CO)NC(=O)[C@@H](NC(=O)[C@H](CC(O)=O)NC(=O)[C@H](CO)NC(=O)[C@@H](NC(=O)[C@H](CC1=CC=CC=C1)NC(=O)[C@@H](NC(=O)CNC(=O)[C@H](CCC(O)=O)NC(=O)[C@H](C)NC(=O)[C@@H](N)CC1=CNC=N1)[C@@H](C)O)[C@@H](C)O)C(C)C)C(=O)N[C@@H](CCC(O)=O)C(=O)N[C@@H](CC1=CC=CC=C1)C(=O)N[C@@H]([C@@H](C)CC)C(=O)N[C@@H](C)C(=O)N[C@@H](CC1=CNC2=C1C=CC=C2)C(=O)N[C@@H](CC(C)C)C(=O)N[C@@H](C(C)C)C(=O)N[C@@H](CCCNC(N)=N)C(=O)NCC(=O)N[C@@H](CCCNC(N)=N)C(=O)NCC(O)=O)C(O)=O,"InChI=1S/C172H265N43O51/c1-18-20-21-22-23-24-25-26-27-28-29-30-37-53-129(224)195-116(170(265)266)59-64-128(223)180-68-41-40-50-111(153(248)199-115(62-67-135(232)233)154(249)204-120(73-100-44-33-31-34-45-100)159(254)214-140(93(11)19-2)167(262)192-97(15)146(241)201-122(76-103-79-183-108-49-39-38-48-106(103)108)157(252)203-118(72-90(5)6)158(253)212-138(91(7)8)165(260)200-110(52-43-70-182-172(177)178)149(244)184-81-130(225)193-109(51-42-69-181-171(175)176)148(243)187-84-137(236)237)196-144(239)95(13)189-143(238)94(12)191-152(247)114(58-63-127(174)222)194-131(226)82-185-151(246)113(61-66-134(230)231)198-155(250)117(71-89(3)4)202-156(251)119(75-102-54-56-105(221)57-55-102)205-162(257)124(85-216)208-164(259)126(87-218)209-166(261)139(92(9)10)213-161(256)123(78-136(234)235)206-163(258)125(86-217)210-169(264)142(99(17)220)215-160(255)121(74-101-46-35-32-36-47-101)207-168(263)141(98(16)219)211-132(227)83-186-150(245)112(60-65-133(228)229)197-145(240)96(14)190-147(242)107(173)77-104-80-179-88-188-104/h31-36,38-39,44-49,54-57,79-80,88-99,107,109-126,138-142,183,216-221H,18-30,37,40-43,50-53,58-78,81-87,173H2,1-17H3,(H2,174,222)(H,179,188)(H,180,223)(H,184,244)(H,185,246)(H,186,245)(H,187,243)(H,189,238)(H,190,242)(H,191,247)(H,192,262)(H,193,225)(H,194,226)(H,195,224)(H,196,239)(H,197,240)(H,198,250)(H,199,248)(H,200,260)(H,201,241)(H,202,251)(H,203,252)(H,204,249)(H,205,257)(H,206,258)(H,207,263)(H,208,259)(H,209,261)(H,210,264)(H,211,227)(H,212,253)(H,213,256)(H,214,254)(H,215,255)(H,228,229)(H,230,231)(H,232,233)(H,234,235)(H,236,237)(H,265,266)(H4,175,176,181)(H4,177,178,182)/t93-,94-,95-,96-,97-,98+,99+,107-,109-,110-,111-,112-,113-,114-,115-,116-,117-,118-,119-,120-,121-,122-,123-,124-,125-,126-,138-,139-,140-,141-,142-/m0/s1",YSDQQAXHVYUZIW-QCIJIYAXSA-N,4164,liraglutide,204656-20-2,liraglutide
4718,teduglutide,teduglutide,CC[C@H](C)[C@H](NC(=O)[C@H](CC(C)C)NC(=O)[C@H](CC1=CNC2=C1C=CC=C2)NC(=O)[C@H](CC(N)=O)NC(=O)[C@@H](NC(=O)[C@H](CC1=CC=CC=C1)NC(=O)[C@H](CC(O)=O)NC(=O)[C@H](CCCNC(N)=N)NC(=O)[C@H](C)NC(=O)[C@H](C)NC(=O)[C@H](CC(C)C)NC(=O)[C@H](CC(N)=O)NC(=O)[C@H](CC(O)=O)NC(=O)[C@H](CC(C)C)NC(=O)[C@@H](NC(=O)[C@@H](NC(=O)[C@H](CC(N)=O)NC(=O)[C@H](CCSC)NC(=O)[C@H](CCC(O)=O)NC(=O)[C@H](CC(O)=O)NC(=O)[C@H](CO)NC(=O)[C@H](CC1=CC=CC=C1)NC(=O)[C@H](CO)NC(=O)CNC(=O)[C@H](CC(O)=O)NC(=O)CNC(=O)[C@@H](N)CC1=CNC=N1)[C@@H](C)O)[C@@H](C)CC)[C@@H](C)CC)C(=O)N[C@@H](CCC(N)=O)C(=O)N[C@@H]([C@@H](C)O)C(=O)N[C@@H](CCCCN)C(=O)N[C@@H]([C@@H](C)CC)C(=O)N[C@@H]([C@@H](C)O)C(=O)N[C@@H](CC(O)=O)C(O)=O,"InChI=1S/C164H252N44O55S/c1-21-77(11)126(156(255)187-95(44-46-114(167)214)141(240)206-130(83(17)211)160(259)186-93(42-33-34-49-165)140(239)202-129(80(14)24-4)159(258)208-131(84(18)212)161(260)200-111(163(262)263)66-125(230)231)203-151(250)100(54-76(9)10)189-145(244)103(57-88-67-175-92-41-32-31-40-90(88)92)192-147(246)105(60-116(169)216)199-157(256)127(78(12)22-2)204-152(251)102(56-87-38-29-26-30-39-87)190-149(248)109(64-123(226)227)195-137(236)94(43-35-50-174-164(171)172)183-134(233)82(16)179-133(232)81(15)180-142(241)98(52-74(5)6)188-146(245)104(59-115(168)215)194-150(249)110(65-124(228)229)196-143(242)99(53-75(7)8)198-158(257)128(79(13)23-3)205-162(261)132(85(19)213)207-153(252)106(61-117(170)217)193-139(238)97(48-51-264-20)185-138(237)96(45-47-120(220)221)184-148(247)108(63-122(224)225)197-155(254)113(72-210)201-144(243)101(55-86-36-27-25-28-37-86)191-154(253)112(71-209)182-119(219)70-177-136(235)107(62-121(222)223)181-118(218)69-176-135(234)91(166)58-89-68-173-73-178-89/h25-32,36-41,67-68,73-85,91,93-113,126-132,175,209-213H,21-24,33-35,42-66,69-72,165-166H2,1-20H3,(H2,167,214)(H2,168,215)(H2,169,216)(H2,170,217)(H,173,178)(H,176,234)(H,177,235)(H,179,232)(H,180,241)(H,181,218)(H,182,219)(H,183,233)(H,184,247)(H,185,237)(H,186,259)(H,187,255)(H,188,245)(H,189,244)(H,190,248)(H,191,253)(H,192,246)(H,193,238)(H,194,249)(H,195,236)(H,196,242)(H,197,254)(H,198,257)(H,199,256)(H,200,260)(H,201,243)(H,202,239)(H,203,250)(H,204,251)(H,205,261)(H,206,240)(H,207,252)(H,208,258)(H,220,221)(H,222,223)(H,224,225)(H,226,227)(H,228,229)(H,230,231)(H,262,263)(H4,171,172,174)/t77-,78-,79-,80-,81-,82-,83+,84+,85+,91-,93-,94-,95-,96-,97-,98-,99-,100-,101-,102-,103-,104-,105-,106-,107-,108-,109-,110-,111-,112-,113-,126-,127-,128-,129-,130-,131-,132-/m0/s1",CILIXQOJUNDIDU-ASQIGDHWSA-N,4718,teduglutide,197922-42-2,teduglutide
4944,tenofovir alafenamide,tenofovir alafenamide,CC(C)OC(=O)[C@H](C)N[P@](=O)(CO[C@H](C)CN1C=NC2=C(N)N=CN=C12)OC1=CC=CC=C1,"InChI=1S/C21H29N6O5P/c1-14(2)31-21(28)16(4)26-33(29,32-17-8-6-5-7-9-17)13-30-15(3)10-27-12-25-18-19(22)23-11-24-20(18)27/h5-9,11-12,14-16H,10,13H2,1-4H3,(H,26,29)(H2,22,23,24)/t15-,16+,33+/m1/s1",LDEKQSIMHVQZJK-CAQYMETFSA-N,4944,tenofovir alafenamide,379270-37-8,tenofovir alafenamide
4192,tafamidis,tafamidis,OC(=O)C1=CC2=C(C=C1)N=C(O2)C1=CC(Cl)=CC(Cl)=C1,"InChI=1S/C14H7Cl2NO3/c15-9-3-8(4-10(16)6-9)13-17-11-2-1-7(14(18)19)5-12(11)20-13/h1-6H,(H,18,19)",TXEIIPDJKFWEEC-UHFFFAOYSA-N,4192,tafamidis,594839-88-0,tafamidis
4866,ceritinib,ceritinib,CC(C)OC1=C(NC2=NC=C(Cl)C(NC3=C(C=CC=C3)S(=O)(=O)C(C)C)=N2)C=C(C)C(=C1)C1CCNCC1,"InChI=1S/C28H36ClN5O3S/c1-17(2)37-25-15-21(20-10-12-30-13-11-20)19(5)14-24(25)33-28-31-16-22(29)27(34-28)32-23-8-6-7-9-26(23)38(35,36)18(3)4/h6-9,14-18,20,30H,10-13H2,1-5H3,(H2,31,32,33,34)",VERWOWGGCGHDQE-UHFFFAOYSA-N,4866,ceritinib,1032900-25-6,ceritinib
4110,tolvaptan,tolvaptan,CC1=C(C=CC=C1)C(=O)NC1=CC(C)=C(C=C1)C(=O)N1CCCC(O)C2=CC(Cl)=CC=C12,"InChI=1S/C26H25ClN2O3/c1-16-6-3-4-7-20(16)25(31)28-19-10-11-21(17(2)14-19)26(32)29-13-5-8-24(30)22-15-18(27)9-12-23(22)29/h3-4,6-7,9-12,14-15,24,30H,5,8,13H2,1-2H3,(H,28,31)",GYHCTFXIZSNGJT-UHFFFAOYSA-N,4110,tolvaptan,150683-30-0,tolvaptan
3312,ivabradine,ivabradine,COC1=C(OC)C=C2[C@@H](CN(C)CCCN3CCC4=CC(OC)=C(OC)C=C4CC3=O)CC2=C1,"InChI=1S/C27H36N2O5/c1-28(17-21-11-20-14-25(33-4)26(34-5)16-22(20)21)8-6-9-29-10-7-18-12-23(31-2)24(32-3)13-19(18)15-27(29)30/h12-14,16,21H,6-11,15,17H2,1-5H3/t21-/m1/s1",ACRHBAYQBXXRTO-OAQYLSRUSA-N,3312,ivabradine,155974-00-8,ivabradine
2352,raltegravir,raltegravir,CN1C(=O)C(O)=C(N=C1C(C)(C)NC(=O)C1=NN=C(C)O1)C(=O)NCC1=CC=C(F)C=C1,"InChI=1S/C20H21FN6O5/c1-10-25-26-17(32-10)16(30)24-20(2,3)19-23-13(14(28)18(31)27(19)4)15(29)22-9-11-5-7-12(21)8-6-11/h5-8,28H,9H2,1-4H3,(H,22,29)(H,24,30)",CZFFBEXEKNGXKS-UHFFFAOYSA-N,2352,raltegravir,518048-05-0,raltegravir
4224,pirfenidone,pirfenidone,CC1=CN(C(=O)C=C1)C1=CC=CC=C1,"InChI=1S/C12H11NO/c1-10-7-8-12(14)13(9-10)11-5-3-2-4-6-11/h2-9H,1H3",ISWRGOKTTBVCFA-UHFFFAOYSA-N,4224,pirfenidone,53179-13-8,pirfenidone
4633,trabectedin,trabectedin,COC1=CC2=C(CCN[C@]22CS[C@H]3[C@H]4[C@@H]5N(C)[C@@H](CC6=C5C(O)=C(OC)C(C)=C6)[C@H](O)N4[C@@H](COC2=O)C2=C3C(OC(C)=O)=C(C)C3=C2OCO3)C=C1O,"InChI=1S/C39H43N3O11S/c1-16-9-20-10-22-37(46)42-23-13-50-38(47)39(21-12-25(48-5)24(44)11-19(21)7-8-40-39)14-54-36(30(42)29(41(22)4)26(20)31(45)32(16)49-6)28-27(23)35-34(51-15-52-35)17(2)33(28)53-18(3)43/h9,11-12,22-23,29-30,36-37,40,44-46H,7-8,10,13-15H2,1-6H3/t22-,23-,29+,30+,36+,37-,39+/m0/s1",PKVRCIRHQMSYJX-AIFWHQITSA-N,4633,trabectedin,114899-77-3,trabectedin
4304,dapagliflozin,dapagliflozin,CCOC1=CC=C(CC2=C(Cl)C=CC(=C2)[C@@H]2O[C@H](CO)[C@@H](O)[C@H](O)[C@H]2O)C=C1,"InChI=1S/C21H25ClO6/c1-2-27-15-6-3-12(4-7-15)9-14-10-13(5-8-16(14)22)21-20(26)19(25)18(24)17(11-23)28-21/h3-8,10,17-21,23-26H,2,9,11H2,1H3/t17-,18-,19+,20-,21+/m1/s1",JVHXJTBJCFBINQ-ADAARDCZSA-N,4304,dapagliflozin,461432-26-8,dapagliflozin
1118,everolimus,everolimus,CO[C@@H]1C[C@H](C[C@@H](C)[C@@H]2CC(=O)[C@H](C)\C=C(C)\[C@@H](O)[C@@H](OC)C(=O)[C@H](C)C[C@H](C)\C=C\C=C\C=C(C)\[C@H](C[C@@H]3CC[C@@H](C)[C@@](O)(O3)C(=O)C(=O)N3CCCC[C@H]3C(=O)O2)OC)CC[C@H]1OCCO,"InChI=1S/C53H83NO14/c1-32-16-12-11-13-17-33(2)44(63-8)30-40-21-19-38(7)53(62,68-40)50(59)51(60)54-23-15-14-18-41(54)52(61)67-45(35(4)28-39-20-22-43(66-25-24-55)46(29-39)64-9)31-42(56)34(3)27-37(6)48(58)49(65-10)47(57)36(5)26-32/h11-13,16-17,27,32,34-36,38-41,43-46,48-49,55,58,62H,14-15,18-26,28-31H2,1-10H3/b13-11+,16-12+,33-17+,37-27+/t32-,34-,35-,36-,38-,39+,40+,41+,43-,44+,45+,46-,48-,49+,53-/m1/s1",HKVAMNSJSFKALM-GKUWKFKPSA-N,1118,everolimus,159351-69-6,everolimus
4942,lenvatinib,lenvatinib,COC1=CC2=C(C=C1C(N)=O)C(OC1=CC=C(NC(=O)NC3CC3)C(Cl)=C1)=CC=N2,"InChI=1S/C21H19ClN4O4/c1-29-19-10-17-13(9-14(19)20(23)27)18(6-7-24-17)30-12-4-5-16(15(22)8-12)26-21(28)25-11-2-3-11/h4-11H,2-3H2,1H3,(H2,23,27)(H2,25,26,28)",WOSKHXYHFSIKNG-UHFFFAOYSA-N,4942,lenvatinib,417716-92-8,lenvatinib
4873,tedizolid phosphate,tedizolid phosphate,CN1N=NC(=N1)C1=CC=C(C=N1)C1=CC=C(C=C1F)N1C[C@H](COP(O)(O)=O)OC1=O,"InChI=1S/C17H16FN6O6P/c1-23-21-16(20-22-23)15-5-2-10(7-19-15)13-4-3-11(6-14(13)18)24-8-12(30-17(24)25)9-29-31(26,27)28/h2-7,12H,8-9H2,1H3,(H2,26,27,28)/t12-/m1/s1",QCGUSIANLFXSGE-GFCCVEGCSA-N,4873,tedizolid phosphate,856867-55-5,tedizolid phosphate
4143,darunavir,darunavir,CC(C)CN(C[C@@H](O)[C@H](CC1=CC=CC=C1)NC(=O)O[C@H]1CO[C@H]2OCC[C@@H]12)S(=O)(=O)C1=CC=C(N)C=C1,"InChI=1S/C27H37N3O7S/c1-18(2)15-30(38(33,34)21-10-8-20(28)9-11-21)16-24(31)23(14-19-6-4-3-5-7-19)29-27(32)37-25-17-36-26-22(25)12-13-35-26/h3-11,18,22-26,31H,12-17,28H2,1-2H3,(H,29,32)/t22-,23-,24+,25-,26+/m0/s1",CJBJHOAVZSMMDJ-HEXNFIEUSA-N,4143,darunavir,206361-99-1,darunavir
4921,safinamide,safinamide,C[C@H](NCC1=CC=C(OCC2=CC(F)=CC=C2)C=C1)C(N)=O,"InChI=1S/C17H19FN2O2/c1-12(17(19)21)20-10-13-5-7-16(8-6-13)22-11-14-3-2-4-15(18)9-14/h2-9,12,20H,10-11H2,1H3,(H2,19,21)/t12-/m0/s1",NEMGRZFTLSKBAP-LBPRGKRZSA-N,4921,safinamide,133865-89-1,safinamide
4810,ibrutinib,ibrutinib,NC1=C2C(=NC=N1)N(N=C2C1=CC=C(OC2=CC=CC=C2)C=C1)[C@@H]1CCCN(C1)C(=O)C=C,"InChI=1S/C25H24N6O2/c1-2-21(32)30-14-6-7-18(15-30)31-25-22(24(26)27-16-28-25)23(29-31)17-10-12-20(13-11-17)33-19-8-4-3-5-9-19/h2-5,8-13,16,18H,1,6-7,14-15H2,(H2,26,27,28)/t18-/m1/s1",XYFPWWZEPKGCCK-GOSISDBHSA-N,4810,ibrutinib,936563-96-1,ibrutinib
4830,empagliflozin,empagliflozin,OC[C@H]1O[C@H]([C@H](O)[C@@H](O)[C@@H]1O)C1=CC(CC2=CC=C(O[C@H]3CCOC3)C=C2)=C(Cl)C=C1,"InChI=1S/C23H27ClO7/c24-18-6-3-14(23-22(28)21(27)20(26)19(11-25)31-23)10-15(18)9-13-1-4-16(5-2-13)30-17-7-8-29-12-17/h1-6,10,17,19-23,25-28H,7-9,11-12H2/t17-,19+,20+,21-,22+,23-/m0/s1",OBWASQILIWPZMG-QZMOQZSNSA-N,4830,empagliflozin,864070-44-0,empagliflozin
4907,olaparib,olaparib,FC1=CC=C(CC2=NNC(=O)C3=CC=CC=C23)C=C1C(=O)N1CCN(CC1)C(=O)C1CC1,"InChI=1S/C24H23FN4O3/c25-20-8-5-15(14-21-17-3-1-2-4-18(17)22(30)27-26-21)13-19(20)24(32)29-11-9-28(10-12-29)23(31)16-6-7-16/h1-5,8,13,16H,6-7,9-12,14H2,(H,27,30)",FDLYAMZZIXQODN-UHFFFAOYSA-N,4907,olaparib,763113-22-0,olaparib
4903,nintedanib,nintedanib,COC(=O)C1=CC2=C(C=C1)\C(=C(\NC1=CC=C(C=C1)N(C)C(=O)CN1CCN(C)CC1)C1=CC=CC=C1)C(=O)N2,"InChI=1S/C31H33N5O4/c1-34-15-17-36(18-16-34)20-27(37)35(2)24-12-10-23(11-13-24)32-29(21-7-5-4-6-8-21)28-25-14-9-22(31(39)40-3)19-26(25)33-30(28)38/h4-14,19,32H,15-18,20H2,1-3H3,(H,33,38)/b29-28-",XZXHXSATPCNXJR-ZIADKAODSA-N,4903,nintedanib,656247-17-5,nintedanib
4829,apremilast,apremilast,CCOC1=C(OC)C=CC(=C1)[C@@H](CS(C)(=O)=O)N1C(=O)C2=CC=CC(NC(C)=O)=C2C1=O,"InChI=1S/C22H24N2O7S/c1-5-31-19-11-14(9-10-18(19)30-3)17(12-32(4,28)29)24-21(26)15-7-6-8-16(23-13(2)25)20(15)22(24)27/h6-11,17H,5,12H2,1-4H3,(H,23,25)/t17-/m1/s1",IMOZEMNVLZVGJZ-QGZVFWFLSA-N,4829,apremilast,608141-41-9,apremilast
2872,zonisamide,zonisamide,NS(=O)(=O)CC1=NOC2=CC=CC=C12,"InChI=1S/C8H8N2O3S/c9-14(11,12)5-7-6-3-1-2-4-8(6)13-10-7/h1-4H,5H2,(H2,9,11,12)",UBQNRHZMVUUOMG-UHFFFAOYSA-N,2872,zonisamide,68291-97-4,zonisamide
4182,rivaroxaban,rivaroxaban,ClC1=CC=C(S1)C(=O)NC[C@H]1CN(C(=O)O1)C1=CC=C(C=C1)N1CCOCC1=O,"InChI=1S/C19H18ClN3O5S/c20-16-6-5-15(29-16)18(25)21-9-14-10-23(19(26)28-14)13-3-1-12(2-4-13)22-7-8-27-11-17(22)24/h1-6,14H,7-11H2,(H,21,25)/t14-/m0/s1",KGFYHTZWPPHNLQ-AWEZNQCLSA-N,4182,rivaroxaban,366789-02-8,rivaroxaban
2446,sirolimus,sirolimus,CO[C@@H]1C[C@H](C[C@@H](C)[C@@H]2CC(=O)[C@H](C)\C=C(C)\[C@@H](O)[C@@H](OC)C(=O)[C@H](C)C[C@H](C)\C=C\C=C\C=C(C)\[C@H](C[C@@H]3CC[C@@H](C)[C@@](O)(O3)C(=O)C(=O)N3CCCC[C@H]3C(=O)O2)OC)CC[C@H]1O,"InChI=1S/C51H79NO13/c1-30-16-12-11-13-17-31(2)42(61-8)28-38-21-19-36(7)51(60,65-38)48(57)49(58)52-23-15-14-18-39(52)50(59)64-43(33(4)26-37-20-22-40(53)44(27-37)62-9)29-41(54)32(3)25-35(6)46(56)47(63-10)45(55)34(5)24-30/h11-13,16-17,25,30,32-34,36-40,42-44,46-47,53,56,60H,14-15,18-24,26-29H2,1-10H3/b13-11+,16-12+,31-17+,35-25+/t30-,32-,33-,34-,36-,37+,38+,39+,40-,42+,43+,44-,46-,47+,51-/m1/s1",QFJCIRLUMZQUOT-HPLJOQBZSA-N,2446,sirolimus,53123-88-9,sirolimus
4322,azilsartan medoxomil,azilsartan medoxomil,CCOC1=NC2=CC=CC(C(=O)OCC3=C(C)OC(=O)O3)=C2N1CC1=CC=C(C=C1)C1=C(C=CC=C1)C1=NOC(=O)N1,"InChI=1S/C30H24N4O8/c1-3-38-28-31-23-10-6-9-22(27(35)39-16-24-17(2)40-30(37)41-24)25(23)34(28)15-18-11-13-19(14-12-18)20-7-4-5-8-21(20)26-32-29(36)42-33-26/h4-14H,3,15-16H2,1-2H3,(H,32,33,36)",QJFSABGVXDWMIW-UHFFFAOYSA-N,4322,azilsartan medoxomil,863031-21-4,azilsartan medoxomil
2806,valsartan,valsartan,CCCCC(=O)N(CC1=CC=C(C=C1)C1=C(C=CC=C1)C1=NN=NN1)[C@@H](C(C)C)C(O)=O,"InChI=1S/C24H29N5O3/c1-4-5-10-21(30)29(22(16(2)3)24(31)32)15-17-11-13-18(14-12-17)19-8-6-7-9-20(19)23-25-27-28-26-23/h6-9,11-14,16,22H,4-5,10,15H2,1-3H3,(H,31,32)(H,25,26,27,28)/t22-/m0/s1",ACWBQPMHZXGDFX-QFIPXVFZSA-N,2806,valsartan,137862-53-4,valsartan
5461,sotorasib,sotorasib,C[C@H](C(C)C)[C@]1(CC[C@@]2([C@H]3CC[C@H]4[C@]5(COC[C@]4(C3=CC[C@]2([C@@H]1C(=O)O)C)C[C@H]([C@@H]5OC[C@@](C)(C(C)(C)C)N)N6C(=NC=N6)C7=CC=NC=C7)C)C)C,"InChI=1S/C44H67N5O4/c1-27(2)28(3)39(7)18-19-41(9)30-12-13-33-40(8)23-52-25-44(33,31(30)14-17-42(41,10)34(39)37(50)51)22-32(35(40)53-24-43(11,45)38(4,5)6)49-36(47-26-48-49)29-15-20-46-21-16-29/h14-16,20-21,26-28,30,32-35H,12-13,17-19,22-25,45H2,1-11H3,(H,50,51)/t28-,30+,32-,33+,34-,35+,39-,40-,41-,42+,43+,44+/m1/s1",BODYFEUFKHPRCK-ZCZMVWJSSA-N,5461,sotorasib,2296729-00-3,sotorasib
1239,formoterol,formoterol,COC1=CC=C(CC(C)NCC(O)C2=CC(NC=O)=C(O)C=C2)C=C1,"InChI=1S/C19H24N2O4/c1-13(9-14-3-6-16(25-2)7-4-14)20-11-19(24)15-5-8-18(23)17(10-15)21-12-22/h3-8,10,12-13,19-20,23-24H,9,11H2,1-2H3,(H,21,22)",BPZSYCZIITTYBL-UHFFFAOYSA-N,1239,formoterol,73573-87-2,formoterol
4302,glycopyrronium bromide,glycopyrronium bromide,C[N+]1(C)CCC(C1)OC(=O)C(O)(C1CCCC1)C1=CC=CC=C1,"InChI=1S/C19H28NO3/c1-20(2)13-12-17(14-20)23-18(21)19(22,16-10-6-7-11-16)15-8-4-3-5-9-15/h3-5,8-9,16-17,22H,6-7,10-14H2,1-2H3/q+1",ANGKOCUUWGHLCE-UHFFFAOYSA-N,4302,glycopyrronium bromide,596-51-0,glycopyrronium bromide
419,budesonide,budesonide,CCCC1O[C@@H]2C[C@H]3[C@@H]4CCC5=CC(=O)C=C[C@]5(C)[C@H]4[C@@H](O)C[C@]3(C)[C@@]2(O1)C(=O)CO,"InChI=1S/C25H34O6/c1-4-5-21-30-20-11-17-16-7-6-14-10-15(27)8-9-23(14,2)22(16)18(28)12-24(17,3)25(20,31-21)19(29)13-26/h8-10,16-18,20-22,26,28H,4-7,11-13H2,1-3H3/t16-,17-,18-,20+,21?,22+,23-,24-,25+/m0/s1",VOVIALXJUBGFJZ-KWVAZRHASA-N,419,budesonide,51333-22-3,budesonide
2391,ritonavir,ritonavir,CC(C)[C@H](NC(=O)N(C)CC1=CSC(=N1)C(C)C)C(=O)N[C@H](C[C@H](O)[C@H](CC1=CC=CC=C1)NC(=O)OCC1=CN=CS1)CC1=CC=CC=C1,"InChI=1S/C37H48N6O5S2/c1-24(2)33(42-36(46)43(5)20-29-22-49-35(40-29)25(3)4)34(45)39-28(16-26-12-8-6-9-13-26)18-32(44)31(17-27-14-10-7-11-15-27)41-37(47)48-21-30-19-38-23-50-30/h6-15,19,22-25,28,31-33,44H,16-18,20-21H2,1-5H3,(H,39,45)(H,41,47)(H,42,46)/t28-,31-,32-,33-/m0/s1",NCDNCNXCDXHOMX-XGKFQTDJSA-N,2391,ritonavir,155213-67-5,ritonavir
